School,Gender,Age,Residence,MomEdu,DadEdu,MomJob,DadJob,TravelTime,StudyTime,PastFails,SchoolSup,FamilySup,PaidSup,Activities,Internet,Romantic,FamilyRel,FreeTime,GoingOut,Health,Absences,T1,T2,T3
SchoolA,Female,18,Urban,4,4,AtHome,Teacher,2,2,0,Yes,No,No,No,No,No,4,3,4,3,4,0,11,11
SchoolA,Female,17,Urban,1,1,AtHome,Other,1,2,0,No,Yes,No,No,Yes,No,5,3,3,3,2,9,11,11
SchoolA,Female,15,Urban,1,1,AtHome,Other,1,2,0,Yes,No,No,No,Yes,No,4,3,2,3,6,12,13,12
SchoolA,Female,15,Urban,4,2,HealthCare,CivilService,1,3,0,No,Yes,No,Yes,Yes,Yes,3,2,2,5,0,14,14,14
SchoolA,Female,16,Urban,3,3,Other,Other,1,2,0,No,Yes,No,No,No,No,4,3,2,5,0,11,13,13
SchoolA,Male,16,Urban,4,3,CivilService,Other,1,2,0,No,Yes,No,Yes,Yes,No,5,4,2,5,6,12,12,13
SchoolA,Male,16,Urban,2,2,Other,Other,1,2,0,No,No,No,No,Yes,No,4,4,4,3,0,13,12,13
SchoolA,Female,17,Urban,4,4,Other,Teacher,2,2,0,Yes,Yes,No,No,No,No,4,1,4,1,2,10,13,13
SchoolA,Male,15,Urban,3,2,CivilService,Other,1,2,0,No,Yes,No,No,Yes,No,4,2,2,1,0,15,16,17
SchoolA,Male,15,Urban,3,4,Other,Other,1,2,0,No,Yes,No,Yes,Yes,No,5,5,1,5,0,12,12,13
SchoolA,Female,15,Urban,4,4,Teacher,HealthCare,1,2,0,No,Yes,No,No,Yes,No,3,3,3,2,2,14,14,14
SchoolA,Female,15,Urban,2,1,CivilService,Other,3,3,0,No,Yes,No,Yes,Yes,No,5,2,2,4,0,10,12,13
SchoolA,Male,15,Urban,4,4,HealthCare,CivilService,1,1,0,No,Yes,No,Yes,Yes,No,4,3,3,5,0,12,13,12
SchoolA,Male,15,Urban,4,3,Teacher,Other,2,2,0,No,Yes,No,No,Yes,No,5,4,3,3,0,12,12,13
SchoolA,Male,15,Urban,2,2,Other,Other,1,3,0,No,Yes,No,No,Yes,Yes,4,5,2,3,0,14,14,15
SchoolA,Female,16,Urban,4,4,HealthCare,Other,1,1,0,No,Yes,No,No,Yes,No,4,4,4,2,6,17,17,17
SchoolA,Female,16,Urban,4,4,CivilService,CivilService,1,3,0,No,Yes,No,Yes,Yes,No,3,2,3,2,10,13,13,14
SchoolA,Female,16,Urban,3,3,Other,Other,3,2,0,Yes,Yes,No,Yes,No,No,5,3,2,4,2,13,14,14
SchoolA,Male,17,Urban,3,2,CivilService,CivilService,1,1,3,No,Yes,Yes,Yes,Yes,No,5,5,5,5,2,8,8,7
SchoolA,Male,16,Urban,4,3,HealthCare,Other,1,1,0,No,No,No,Yes,Yes,No,3,1,3,5,6,12,12,12
SchoolA,Male,15,Urban,4,3,Teacher,Other,1,2,0,No,No,No,No,Yes,No,4,4,1,1,0,12,13,14
SchoolA,Male,15,Urban,4,4,HealthCare,HealthCare,1,1,0,No,Yes,Yes,No,Yes,No,5,4,2,5,0,11,12,12
SchoolA,Male,16,Urban,4,2,Teacher,Other,1,2,0,No,No,No,Yes,Yes,No,4,5,1,5,0,12,13,14
SchoolA,Male,16,Urban,2,2,Other,Other,2,2,0,No,Yes,No,Yes,Yes,No,5,4,4,5,2,10,10,10
SchoolA,Female,15,Rural,2,4,CivilService,HealthCare,1,3,0,Yes,Yes,No,Yes,Yes,No,4,3,2,5,2,10,11,10
SchoolA,Female,16,Urban,2,2,CivilService,CivilService,1,1,0,No,Yes,No,No,Yes,No,1,2,2,5,6,10,11,12
SchoolA,Male,15,Urban,2,2,Other,Other,1,1,0,No,Yes,No,No,Yes,No,4,2,2,5,8,11,12,12
SchoolA,Male,15,Urban,4,2,HealthCare,CivilService,1,1,0,No,No,No,No,Yes,No,2,2,4,1,0,11,11,11
SchoolA,Male,16,Urban,3,4,CivilService,Other,1,2,0,Yes,Yes,Yes,Yes,Yes,No,5,3,3,5,2,12,12,13
SchoolA,Male,16,Urban,4,4,Teacher,Teacher,1,2,0,No,Yes,Yes,Yes,Yes,Yes,4,4,5,5,4,12,11,12
SchoolA,Male,15,Urban,4,4,HealthCare,CivilService,1,2,0,No,Yes,Yes,No,Yes,No,5,4,2,5,0,10,11,11
SchoolA,Male,15,Urban,4,4,CivilService,CivilService,2,2,0,No,Yes,No,Yes,Yes,No,4,3,1,5,2,15,15,15
SchoolA,Male,15,Rural,4,3,Teacher,AtHome,1,2,0,No,Yes,No,Yes,Yes,Yes,4,5,2,5,0,13,14,15
SchoolA,Male,15,Urban,3,3,Other,Other,1,2,0,No,No,No,Yes,Yes,No,5,3,2,2,0,13,12,12
SchoolA,Male,16,Urban,3,2,Other,Other,1,1,0,No,Yes,No,No,Yes,No,5,4,3,5,4,12,12,12
SchoolA,Female,15,Urban,2,3,Other,Other,2,1,0,No,Yes,No,Yes,No,No,3,5,1,5,4,11,11,11
SchoolA,Male,15,Urban,4,3,Teacher,CivilService,1,3,0,No,Yes,No,Yes,Yes,No,5,4,3,4,0,14,14,14
SchoolA,Male,16,Rural,4,4,Other,Teacher,2,3,0,No,Yes,No,Yes,Yes,Yes,2,4,3,5,4,13,13,13
SchoolA,Female,15,Rural,3,4,CivilService,HealthCare,1,3,0,Yes,Yes,No,Yes,Yes,No,4,3,2,5,2,11,12,12
SchoolA,Female,15,Rural,2,2,AtHome,Other,1,1,0,Yes,Yes,No,Yes,No,No,4,3,1,2,8,14,13,12
SchoolA,Female,16,Urban,2,2,Other,Other,2,2,0,No,Yes,No,Yes,Yes,Yes,3,3,3,3,16,11,11,10
SchoolA,Male,15,Urban,4,4,Teacher,Other,1,1,0,No,Yes,No,No,Yes,Yes,5,4,3,5,8,10,11,11
SchoolA,Male,15,Urban,4,4,CivilService,Teacher,1,2,0,No,Yes,No,Yes,Yes,No,4,3,3,5,0,14,15,15
SchoolA,Male,15,Urban,2,2,CivilService,CivilService,1,1,0,Yes,Yes,No,No,Yes,No,5,4,1,1,0,9,10,10
SchoolA,Female,16,Urban,2,2,Other,AtHome,2,2,1,Yes,No,No,Yes,Yes,No,4,3,3,5,14,10,11,11
SchoolA,Female,15,Urban,4,3,Other,Other,1,2,0,Yes,Yes,Yes,Yes,Yes,Yes,5,2,2,5,4,10,11,11
SchoolA,Female,16,Urban,3,3,Other,CivilService,1,2,0,No,Yes,No,No,Yes,No,2,3,5,3,6,13,12,13
SchoolA,Male,16,Urban,4,3,HealthCare,CivilService,1,4,0,No,No,No,Yes,Yes,No,4,2,2,2,2,17,17,17
SchoolA,Male,15,Urban,4,2,Teacher,Other,1,2,0,No,Yes,No,No,No,No,4,3,3,5,4,11,12,13
SchoolA,Female,15,Urban,4,4,CivilService,Teacher,1,2,0,Yes,Yes,No,Yes,Yes,No,4,4,4,3,2,13,12,12
SchoolA,Female,16,Urban,2,2,CivilService,CivilService,3,2,0,No,Yes,No,No,Yes,No,4,3,3,4,0,14,13,13
SchoolA,Female,15,Urban,4,2,HealthCare,Other,1,2,0,No,Yes,No,No,Yes,No,4,3,3,5,0,16,14,16
SchoolA,Male,15,Urban,4,2,HealthCare,HealthCare,2,1,0,No,No,No,No,No,No,5,5,5,5,4,10,9,9
SchoolA,Female,15,Urban,4,4,CivilService,CivilService,1,1,0,Yes,Yes,No,No,Yes,No,3,3,4,5,0,13,12,12
SchoolA,Female,15,Urban,3,3,Other,Other,1,1,0,No,No,No,No,Yes,No,5,3,4,1,0,13,12,13
SchoolA,Female,16,Urban,2,1,Other,Other,1,2,0,No,No,No,Yes,Yes,Yes,5,3,4,2,2,12,13,12
SchoolA,Female,15,Urban,4,3,CivilService,CivilService,1,2,0,No,Yes,No,Yes,Yes,No,4,3,2,1,0,15,14,15
SchoolA,Male,15,Urban,4,4,Teacher,HealthCare,1,2,0,No,Yes,No,Yes,No,No,3,2,2,5,8,15,15,16
SchoolA,Male,15,Urban,1,2,Other,AtHome,1,2,0,Yes,Yes,No,Yes,Yes,No,4,3,2,5,0,14,13,14
SchoolA,Female,16,Urban,4,2,CivilService,Other,1,2,0,No,Yes,Yes,No,Yes,No,4,2,3,5,2,16,15,16
SchoolA,Female,16,Rural,4,4,HealthCare,Teacher,1,2,0,No,Yes,No,Yes,No,No,2,4,4,4,0,17,16,16
SchoolA,Female,16,Urban,1,1,CivilService,CivilService,4,1,0,Yes,Yes,No,Yes,Yes,Yes,5,5,5,5,0,10,10,16
SchoolA,Female,16,Urban,1,2,Other,CivilService,1,2,0,Yes,No,No,Yes,Yes,No,4,4,3,1,0,13,13,10
SchoolA,Female,16,Urban,4,3,Teacher,HealthCare,1,3,0,Yes,Yes,No,Yes,Yes,No,3,4,4,4,0,14,13,13
SchoolA,Female,15,Urban,4,3,CivilService,CivilService,1,2,0,Yes,No,No,Yes,Yes,Yes,4,4,4,2,0,13,12,12
SchoolA,Female,16,Urban,4,3,Teacher,CivilService,3,2,0,No,Yes,No,Yes,Yes,No,5,4,3,1,2,16,15,16
SchoolA,Male,15,Urban,4,4,Other,CivilService,1,4,0,No,Yes,No,Yes,Yes,Yes,1,3,3,3,0,11,12,12
SchoolA,Female,16,Urban,3,1,CivilService,Other,1,4,0,Yes,Yes,No,No,Yes,No,4,3,3,5,0,10,9,10
SchoolA,Female,15,Rural,2,2,HealthCare,CivilService,2,2,0,Yes,Yes,No,No,Yes,No,4,1,3,4,0,11,10,11
SchoolA,Female,15,Rural,3,1,Other,Other,2,4,0,No,Yes,No,No,Yes,No,4,4,2,3,6,15,15,15
SchoolA,Male,16,Urban,3,1,Other,Other,2,4,0,No,Yes,No,No,Yes,No,4,3,2,5,2,13,11,11
SchoolA,Male,15,Urban,4,2,Other,Other,1,4,0,No,No,No,No,Yes,No,3,3,3,3,0,11,9,10
SchoolA,Female,15,Rural,1,1,Other,Other,1,2,0,Yes,Yes,No,No,Yes,Yes,3,3,4,5,2,13,11,11
SchoolA,Male,16,Urban,3,1,Other,Other,1,1,0,No,No,No,Yes,No,No,5,3,2,5,0,13,13,14
SchoolA,Female,16,Urban,3,3,Other,CivilService,1,2,0,Yes,Yes,No,Yes,Yes,No,4,3,3,5,4,11,11,11
SchoolA,Male,15,Urban,4,3,Teacher,Other,1,2,0,No,Yes,No,Yes,Yes,No,4,3,3,5,0,11,11,11
SchoolA,Male,15,Urban,4,0,Teacher,Other,2,4,0,No,No,No,Yes,Yes,No,3,4,3,1,0,12,11,11
SchoolA,Female,16,Urban,2,2,Other,Other,1,4,0,No,No,No,No,Yes,Yes,5,2,3,3,1,13,13,13
SchoolA,Male,17,Urban,2,1,Other,Other,2,1,3,Yes,Yes,No,Yes,Yes,No,4,5,1,3,0,9,9,10
SchoolA,Female,16,Urban,3,4,AtHome,Other,1,2,0,No,Yes,No,No,Yes,No,2,4,3,3,14,12,11,11
SchoolA,Male,15,Urban,2,3,Other,CivilService,1,1,0,Yes,Yes,No,Yes,Yes,Yes,3,2,2,3,0,11,11,12
SchoolA,Male,15,Urban,2,3,Other,Other,1,3,0,Yes,No,No,No,Yes,No,5,3,2,5,2,10,9,9
SchoolA,Female,15,Urban,3,2,CivilService,Other,1,2,0,No,Yes,No,No,Yes,No,4,4,4,5,4,12,11,11
SchoolA,Male,15,Urban,2,2,CivilService,CivilService,2,2,0,No,No,Yes,Yes,Yes,No,5,3,3,4,2,13,12,13
SchoolA,Female,15,Urban,1,1,Other,Other,1,2,0,No,Yes,No,Yes,Yes,No,4,3,2,4,2,13,12,12
SchoolA,Female,15,Urban,4,4,CivilService,CivilService,2,2,0,No,No,No,No,Yes,Yes,4,4,4,5,4,12,11,12
SchoolA,Female,16,Urban,2,2,AtHome,Other,1,2,0,No,Yes,No,No,No,No,4,3,4,2,6,13,11,11
SchoolA,Female,15,Urban,4,2,Other,Other,1,3,0,No,Yes,No,Yes,Yes,No,5,3,3,1,4,15,15,15
SchoolA,Male,16,Urban,2,2,CivilService,Other,2,2,0,No,No,No,Yes,Yes,No,4,4,2,3,6,12,10,11
SchoolA,Male,16,Urban,4,4,Teacher,HealthCare,1,2,0,No,Yes,No,No,No,No,4,1,3,5,6,9,9,10
SchoolA,Female,16,Urban,3,3,Other,Other,1,3,0,No,Yes,No,No,Yes,Yes,4,3,3,4,2,9,11,11
SchoolA,Female,15,Urban,4,3,CivilService,Other,1,1,0,No,No,No,Yes,Yes,No,4,5,5,1,6,14,13,13
SchoolA,Female,16,Urban,3,1,Other,Other,1,2,0,Yes,Yes,No,No,No,No,3,3,3,2,0,12,13,12
SchoolA,Female,16,Urban,4,2,Teacher,CivilService,2,2,0,No,Yes,No,Yes,Yes,No,5,3,3,1,2,13,14,14
SchoolA,Male,15,Urban,2,2,CivilService,HealthCare,1,4,0,No,Yes,No,Yes,Yes,No,4,3,4,4,2,11,12,12
SchoolA,Female,15,Rural,1,1,AtHome,Other,2,4,0,Yes,Yes,Yes,Yes,Yes,No,3,1,2,1,4,13,13,13
SchoolA,Male,16,Rural,4,3,CivilService,Other,2,1,0,Yes,Yes,Yes,Yes,Yes,No,3,3,3,4,6,9,11,11
SchoolA,Female,16,Urban,2,1,Other,Other,1,2,0,No,Yes,No,No,No,Yes,4,3,5,5,0,13,12,12
SchoolA,Female,16,Urban,4,4,Other,Other,1,1,0,No,No,No,Yes,Yes,No,5,3,4,1,4,12,13,13
SchoolA,Female,16,Urban,4,3,Other,AtHome,1,3,0,Yes,Yes,No,No,Yes,No,5,3,5,3,2,12,13,13
SchoolA,Male,16,Urban,4,4,CivilService,CivilService,1,1,0,Yes,Yes,No,Yes,Yes,No,4,5,5,4,12,9,9,8
SchoolA,Male,16,Urban,4,4,CivilService,Teacher,1,3,0,No,Yes,No,Yes,Yes,Yes,4,4,3,4,0,16,16,16
SchoolA,Male,15,Urban,4,4,CivilService,Other,1,1,0,No,Yes,Yes,Yes,Yes,No,5,3,3,5,2,12,13,12
SchoolA,Female,15,Urban,3,2,CivilService,Other,2,2,0,Yes,Yes,No,No,Yes,No,4,3,5,2,16,11,10,10
SchoolA,Male,15,Urban,3,4,CivilService,Other,1,2,0,No,Yes,No,Yes,Yes,No,5,4,4,1,0,16,16,16
SchoolA,Female,15,Urban,3,3,Other,HealthCare,1,4,0,Yes,No,No,No,No,No,4,3,3,4,10,10,10,10
SchoolA,Female,15,Urban,2,2,Other,Other,1,4,0,Yes,Yes,No,No,Yes,No,5,1,2,3,4,10,10,10
SchoolA,Male,16,Urban,3,3,CivilService,Other,1,3,0,No,Yes,No,Yes,Yes,No,5,3,3,5,4,13,14,14
SchoolA,Male,15,Rural,4,4,Other,Other,4,4,0,No,Yes,No,Yes,Yes,Yes,1,3,5,1,8,12,10,11
SchoolA,Female,16,Urban,4,4,HealthCare,HealthCare,1,3,0,No,Yes,No,Yes,Yes,Yes,5,4,5,4,2,15,15,14
SchoolA,Male,15,Urban,4,4,Teacher,Teacher,1,1,0,No,No,No,Yes,Yes,No,5,5,3,4,4,13,14,14
SchoolA,Female,16,Rural,3,3,CivilService,Other,1,3,0,Yes,Yes,No,Yes,Yes,No,4,1,2,2,4,11,11,11
SchoolA,Female,16,Urban,2,2,AtHome,Other,1,2,1,Yes,No,No,Yes,Yes,No,3,1,2,5,12,8,10,10
SchoolA,Male,15,Urban,4,2,Teacher,Other,1,1,0,No,No,No,No,Yes,No,3,5,2,3,10,18,17,18
SchoolA,Male,15,Rural,2,1,HealthCare,CivilService,1,2,0,No,No,No,Yes,Yes,Yes,5,4,2,5,4,10,9,10
SchoolA,Male,16,Urban,4,4,Teacher,Teacher,1,2,0,No,Yes,No,Yes,Yes,No,5,4,4,5,6,16,14,14
SchoolA,Male,15,Urban,4,4,Other,Teacher,2,2,0,No,Yes,No,Yes,No,No,4,4,3,2,4,16,15,16
SchoolA,Male,16,Urban,3,3,Other,CivilService,2,1,0,No,No,No,Yes,Yes,No,5,4,2,5,6,14,14,15
SchoolA,Male,17,Rural,1,3,Other,Other,3,2,1,No,Yes,No,Yes,Yes,No,5,2,4,5,14,12,11,11
SchoolA,Male,15,Urban,3,4,Other,Other,1,1,0,No,No,No,No,Yes,No,3,4,3,4,2,14,13,14
SchoolA,Female,15,Urban,1,2,AtHome,CivilService,1,2,0,No,No,No,No,Yes,No,3,2,3,1,0,14,14,14
SchoolA,Male,15,Urban,2,2,CivilService,CivilService,1,4,0,No,Yes,No,Yes,Yes,No,5,5,4,5,6,14,13,13
SchoolA,Female,16,Urban,2,4,Other,HealthCare,2,2,0,No,Yes,No,Yes,Yes,Yes,4,2,2,5,2,14,12,13
SchoolA,Male,16,Urban,4,4,HealthCare,Other,1,1,0,No,Yes,No,Yes,Yes,No,3,4,4,5,4,12,13,13
SchoolA,Female,16,Urban,2,2,Other,Other,1,2,0,No,No,No,No,Yes,Yes,5,4,4,5,0,12,11,11
SchoolA,Male,15,Urban,3,4,CivilService,CivilService,1,1,0,Yes,No,No,No,Yes,No,5,5,5,5,2,9,9,9
SchoolA,Female,15,Urban,3,4,Other,Other,1,2,0,Yes,No,No,Yes,Yes,Yes,5,3,2,1,0,10,11,11
SchoolA,Female,19,Urban,0,1,AtHome,Other,1,2,2,No,Yes,No,No,No,No,3,4,2,5,0,9,10,11
SchoolA,Male,16,Rural,4,4,Teacher,Teacher,1,1,0,No,No,No,Yes,Yes,No,3,5,5,4,8,14,14,15
SchoolA,Male,16,Urban,2,3,Other,Other,2,3,0,No,Yes,No,No,Yes,Yes,3,2,3,1,4,13,12,13
SchoolA,Female,15,Rural,3,4,CivilService,Teacher,2,3,0,No,Yes,No,No,Yes,Yes,4,2,2,5,0,10,11,12
SchoolA,Female,18,Urban,2,1,CivilService,Other,1,2,3,No,Yes,No,Yes,Yes,Yes,5,4,5,5,10,10,9,8
SchoolA,Female,17,Urban,2,1,Other,Other,3,1,0,No,Yes,No,No,Yes,No,3,2,2,5,8,11,10,11
SchoolA,Female,15,Urban,1,1,AtHome,Other,3,1,0,No,Yes,No,Yes,Yes,Yes,4,3,3,4,6,11,12,13
SchoolA,Female,17,Urban,2,2,Other,Other,1,1,0,No,Yes,No,No,Yes,Yes,3,4,4,5,2,13,12,12
SchoolA,Female,16,Urban,3,4,CivilService,Other,1,1,0,No,No,No,No,Yes,No,3,2,1,5,12,15,13,14
SchoolA,Male,16,Urban,2,1,AtHome,Other,4,1,0,No,No,No,No,No,No,3,2,1,2,4,9,9,11
SchoolA,Female,16,Urban,2,2,Other,Other,1,1,1,No,No,No,No,No,No,5,3,4,5,12,13,11,11
SchoolA,Male,15,Rural,3,4,AtHome,Teacher,4,2,0,No,Yes,No,No,No,Yes,5,3,3,5,2,12,11,11
SchoolA,Female,15,Urban,4,4,CivilService,AtHome,1,3,0,No,Yes,No,Yes,Yes,Yes,4,3,3,5,4,13,14,15
SchoolA,Male,17,Rural,3,4,AtHome,Other,3,2,0,No,No,No,No,No,No,5,4,5,5,2,10,9,10
SchoolA,Female,16,Rural,1,1,AtHome,Other,4,2,0,No,Yes,No,No,No,No,5,1,3,3,0,14,13,13
SchoolA,Male,18,Urban,3,1,CivilService,CivilService,2,1,0,No,No,No,Yes,Yes,Yes,3,3,4,4,2,11,11,12
SchoolA,Female,18,Urban,3,2,Other,CivilService,1,3,0,No,Yes,No,Yes,Yes,Yes,4,3,3,5,10,12,11,11
SchoolA,Female,16,Rural,1,1,Other,CivilService,2,1,0,No,Yes,No,Yes,No,Yes,3,3,3,1,8,12,11,11
SchoolA,Female,16,Urban,3,3,Other,Other,2,1,0,No,Yes,No,Yes,Yes,Yes,4,3,2,5,4,9,9,10
SchoolA,Male,16,Urban,1,1,CivilService,Other,1,2,2,No,No,No,No,No,Yes,4,4,4,5,0,10,10,10
SchoolA,Female,15,Urban,4,4,Teacher,Teacher,2,1,0,No,No,No,Yes,Yes,No,4,3,2,5,6,13,14,14
SchoolA,Female,15,Rural,1,1,Other,Other,3,1,1,No,No,No,Yes,Yes,Yes,5,5,5,1,2,8,9,9
SchoolA,Male,15,Urban,4,3,Teacher,CivilService,2,4,0,Yes,Yes,No,No,Yes,No,2,2,2,3,6,9,11,11
SchoolA,Female,15,Urban,3,3,CivilService,CivilService,1,2,0,No,No,No,No,No,Yes,1,3,2,1,24,9,8,9
SchoolA,Male,16,Urban,4,4,CivilService,CivilService,1,3,0,No,Yes,No,Yes,Yes,No,5,3,3,5,0,15,13,13
SchoolA,Male,16,Urban,2,2,CivilService,CivilService,2,1,0,No,Yes,No,Yes,Yes,No,2,3,3,2,4,12,11,11
SchoolA,Female,15,Urban,4,4,Teacher,CivilService,1,3,0,No,Yes,No,Yes,Yes,No,4,2,2,5,2,13,13,13
SchoolA,Female,16,Urban,1,1,AtHome,AtHome,1,1,0,No,No,No,No,Yes,No,3,4,4,1,4,10,11,11
SchoolA,Male,17,Urban,2,1,Other,Other,1,1,0,No,Yes,No,No,Yes,No,5,4,5,5,22,9,7,6
SchoolA,Female,15,Urban,1,1,Other,CivilService,1,2,0,No,Yes,No,No,Yes,No,4,4,2,5,0,12,12,12
SchoolA,Female,15,Urban,2,1,AtHome,Other,2,1,0,No,Yes,No,Yes,Yes,Yes,4,4,2,5,0,11,10,10
SchoolA,Female,15,Urban,3,2,HealthCare,CivilService,1,2,1,No,Yes,No,No,Yes,No,3,3,2,3,2,11,11,11
SchoolA,Female,15,Urban,1,2,AtHome,Other,1,2,0,No,Yes,No,No,Yes,No,4,3,2,5,6,13,12,13
SchoolA,Female,15,Urban,1,2,AtHome,CivilService,1,2,0,No,No,No,No,No,Yes,2,3,4,1,6,11,11,11
SchoolA,Male,16,Urban,4,4,Teacher,Teacher,1,1,0,No,Yes,No,No,Yes,Yes,3,3,2,5,16,9,9,8
SchoolA,Male,15,Urban,2,1,CivilService,Other,4,1,0,No,No,No,No,Yes,No,4,5,5,5,0,12,11,11
SchoolA,Male,18,Urban,1,1,Other,Other,1,1,2,No,No,No,No,Yes,Yes,2,3,5,4,0,11,9,0
SchoolA,Male,16,Urban,2,1,AtHome,Other,1,1,1,No,No,No,Yes,No,Yes,4,4,4,5,6,9,10,10
SchoolA,Female,15,Rural,3,3,CivilService,CivilService,2,3,0,No,Yes,Yes,Yes,Yes,Yes,4,2,1,3,2,13,13,13
SchoolA,Male,19,Urban,3,2,CivilService,AtHome,1,1,0,No,Yes,No,No,Yes,Yes,4,5,4,4,6,11,9,11
SchoolA,Female,17,Urban,4,4,Other,Teacher,1,1,0,Yes,Yes,No,No,No,Yes,4,2,1,4,0,13,13,13
SchoolA,Male,15,Rural,2,3,AtHome,CivilService,1,2,0,Yes,No,Yes,Yes,No,No,4,4,4,1,0,7,8,8
SchoolA,Male,17,Rural,1,2,Other,Other,1,1,3,No,No,No,No,No,No,2,2,2,5,14,9,8,10
SchoolA,Female,18,Rural,1,1,AtHome,Other,3,1,3,No,Yes,No,Yes,No,No,5,2,5,4,6,11,10,11
SchoolA,Male,16,Rural,2,2,AtHome,Other,3,1,0,No,No,No,No,No,No,4,2,2,3,4,12,10,11
SchoolA,Male,16,Urban,3,3,Other,CivilService,1,2,1,No,Yes,No,No,Yes,Yes,4,5,5,5,0,10,10,1
SchoolA,Male,16,Urban,1,2,HealthCare,CivilService,2,1,2,No,No,No,No,Yes,No,4,4,5,5,0,9,8,10
SchoolA,Male,17,Rural,2,1,AtHome,Other,2,1,1,No,No,Yes,Yes,Yes,Yes,3,3,2,5,8,8,8,9
SchoolA,Male,17,Rural,3,2,Other,Other,2,2,2,Yes,Yes,No,No,Yes,Yes,4,4,4,3,4,7,6,8
SchoolA,Male,15,Urban,1,2,Other,Other,2,1,0,No,No,No,Yes,No,No,4,4,4,5,2,8,9,10
SchoolA,Male,16,Urban,1,3,AtHome,CivilService,1,1,1,No,No,No,No,Yes,No,5,3,3,2,2,9,8,8
SchoolA,Male,17,Rural,1,1,Other,CivilService,4,2,0,No,No,No,Yes,No,Yes,5,3,5,5,0,8,8,8
SchoolA,Male,17,Urban,3,2,CivilService,CivilService,2,1,3,No,Yes,No,Yes,No,No,4,5,2,2,10,8,7,8
SchoolA,Male,16,Urban,2,2,Other,Other,1,2,0,No,No,No,No,Yes,No,4,3,5,4,0,9,10,11
SchoolA,Female,16,Urban,4,2,HealthCare,CivilService,1,2,0,No,No,No,No,Yes,Yes,4,2,3,3,0,17,17,18
SchoolA,Female,16,Urban,2,2,Other,Other,1,2,0,No,Yes,No,No,Yes,No,5,1,5,4,0,12,12,13
SchoolA,Female,16,Urban,4,4,HealthCare,HealthCare,1,2,0,No,Yes,No,No,Yes,Yes,4,4,2,3,0,16,16,17
SchoolA,Male,16,Urban,3,4,Other,Other,3,1,1,No,Yes,No,Yes,Yes,No,3,4,5,2,4,9,9,10
SchoolA,Male,16,Urban,1,0,Other,Other,2,2,0,No,Yes,No,Yes,Yes,Yes,4,3,2,3,0,16,17,18
SchoolA,Male,17,Urban,4,4,Teacher,Other,1,2,0,No,Yes,No,Yes,Yes,No,4,4,4,5,0,11,9,10
SchoolA,Female,16,Urban,1,3,AtHome,CivilService,1,2,0,No,No,No,Yes,Yes,Yes,4,3,5,3,0,14,13,13
SchoolA,Female,16,Urban,3,3,Other,Other,2,2,0,No,Yes,No,Yes,Yes,No,4,4,5,4,0,14,14,15
SchoolA,Male,17,Urban,4,3,Teacher,Other,2,2,0,No,No,No,Yes,Yes,No,4,4,4,4,0,10,11,11
SchoolA,Female,16,Urban,2,2,CivilService,Other,2,2,0,No,No,No,Yes,Yes,No,3,4,4,5,0,13,12,14
SchoolA,Male,17,Urban,3,3,Other,Other,1,2,0,No,No,No,Yes,Yes,No,4,3,4,4,4,11,9,10
SchoolA,Male,16,Rural,4,2,Teacher,CivilService,1,1,0,No,Yes,No,Yes,Yes,Yes,4,3,3,3,8,10,9,11
SchoolA,Male,17,Urban,4,3,Other,Other,1,2,0,No,Yes,Yes,Yes,Yes,Yes,5,2,3,2,4,11,11,13
SchoolA,Male,16,Urban,4,3,Teacher,Other,1,2,0,No,Yes,Yes,Yes,Yes,No,3,4,3,3,4,11,10,11
SchoolA,Male,16,Urban,3,3,CivilService,Other,1,2,0,No,No,No,Yes,Yes,Yes,4,2,3,3,0,11,12,13
SchoolA,Female,17,Urban,2,4,CivilService,CivilService,1,2,0,No,Yes,No,Yes,No,No,5,4,2,5,0,17,18,17
SchoolA,Female,17,Urban,3,3,Other,Other,1,2,0,No,Yes,No,Yes,Yes,Yes,5,3,3,1,32,14,13,14
SchoolA,Female,16,Urban,3,2,Other,Other,1,2,0,No,Yes,No,No,Yes,No,1,2,2,1,8,14,15,16
SchoolA,Male,17,Urban,3,3,CivilService,CivilService,1,2,0,No,Yes,No,Yes,Yes,Yes,4,3,4,4,6,11,13,14
SchoolA,Male,16,Urban,1,2,CivilService,CivilService,1,1,0,No,Yes,No,Yes,Yes,Yes,3,3,3,3,0,10,9,11
SchoolA,Male,16,Urban,2,1,Other,Other,1,2,0,No,No,No,Yes,Yes,Yes,4,2,3,5,0,13,14,16
SchoolA,Female,17,Urban,3,3,HealthCare,Other,1,2,0,No,Yes,No,No,Yes,Yes,3,3,3,3,10,12,13,14
SchoolA,Male,17,Rural,1,2,AtHome,Other,1,2,0,No,No,No,No,No,No,3,1,3,3,6,9,9,10
SchoolA,Female,16,Urban,2,3,CivilService,CivilService,1,2,0,No,No,No,No,Yes,No,4,3,3,2,6,12,12,13
SchoolA,Female,17,Urban,1,1,AtHome,CivilService,1,2,0,No,No,No,Yes,Yes,No,5,3,3,3,0,12,11,12
SchoolA,Male,17,Urban,1,2,AtHome,CivilService,2,2,0,No,No,No,Yes,Yes,No,4,4,4,5,16,10,11,12
SchoolA,Male,16,Rural,3,3,CivilService,CivilService,1,1,0,No,Yes,No,Yes,Yes,No,4,3,2,5,0,11,10,10
SchoolA,Male,16,Urban,2,3,Other,Other,2,1,0,No,No,No,No,Yes,No,5,3,3,3,0,13,12,12
SchoolA,Female,17,Urban,2,4,CivilService,CivilService,1,2,0,No,No,No,Yes,Yes,Yes,4,3,2,5,8,14,15,16
SchoolA,Male,17,Urban,4,4,CivilService,Teacher,1,1,0,No,No,No,No,Yes,No,5,2,3,5,4,13,13,14
SchoolA,Male,16,Rural,3,3,Teacher,Other,3,1,0,No,Yes,No,Yes,Yes,No,3,3,4,3,16,10,11,12
SchoolA,Female,17,Urban,4,4,CivilService,Teacher,2,1,1,No,Yes,No,No,Yes,No,4,2,4,2,30,14,15,16
SchoolA,Female,16,Urban,4,4,Teacher,Teacher,1,2,0,No,Yes,No,No,Yes,No,4,5,2,3,0,11,10,11
SchoolA,Female,16,Urban,4,3,HealthCare,Other,1,2,0,No,Yes,No,Yes,Yes,No,4,3,5,2,2,14,14,15
SchoolA,Female,16,Urban,2,3,Other,Other,1,2,0,Yes,Yes,No,Yes,No,No,4,4,3,4,4,11,12,12
SchoolA,Female,17,Urban,1,1,Other,Other,1,2,0,No,Yes,No,No,No,No,4,4,4,1,0,14,15,15
SchoolA,Female,17,Rural,2,2,Other,Other,1,1,0,No,Yes,No,No,Yes,No,5,3,2,3,21,13,13,13
SchoolA,Female,16,Rural,2,2,CivilService,CivilService,2,4,0,No,Yes,No,Yes,Yes,No,5,3,5,5,6,13,13,13
SchoolA,Female,17,Urban,3,4,AtHome,CivilService,1,3,1,No,Yes,Yes,No,Yes,Yes,4,4,3,5,14,8,9,8
SchoolA,Female,16,Urban,3,1,CivilService,Other,1,2,0,No,Yes,No,No,Yes,No,2,3,3,4,2,11,11,12
SchoolA,Female,16,Urban,4,3,Teacher,Other,1,2,0,No,No,No,Yes,Yes,Yes,1,3,2,1,4,14,15,15
SchoolA,Female,16,Urban,1,1,AtHome,Other,2,1,0,No,Yes,No,No,No,No,4,3,2,5,2,12,13,13
SchoolA,Female,17,Rural,4,3,Teacher,Other,2,3,0,No,Yes,No,Yes,Yes,Yes,4,4,2,4,0,11,12,12
SchoolA,Female,19,Urban,3,3,Other,Other,1,4,0,No,Yes,No,Yes,Yes,No,4,3,3,3,4,12,12,12
SchoolA,Male,17,Urban,4,4,CivilService,Other,1,2,0,No,Yes,No,No,Yes,Yes,5,3,5,3,15,13,12,12
SchoolA,Female,16,Urban,2,2,Other,Other,1,2,0,Yes,Yes,No,No,Yes,No,3,3,4,4,0,13,13,13
SchoolA,Male,18,Urban,2,2,CivilService,Other,1,2,0,No,Yes,No,Yes,Yes,No,4,4,4,5,10,12,11,11
SchoolA,Female,17,Rural,4,4,CivilService,Other,1,1,0,No,Yes,No,No,No,No,5,2,1,3,6,12,11,11
SchoolA,Female,17,Urban,3,2,Other,Other,2,2,0,No,No,No,No,Yes,No,4,4,4,1,2,14,16,15
SchoolA,Female,17,Urban,4,3,Other,Other,1,2,0,No,No,No,No,Yes,Yes,3,4,5,1,16,11,9,10
SchoolA,Male,18,Urban,3,3,CivilService,HealthCare,1,2,0,No,Yes,No,No,Yes,No,3,2,4,4,10,10,10,10
SchoolA,Female,17,Urban,2,3,AtHome,Other,2,1,0,No,Yes,No,No,No,No,3,3,3,3,4,12,13,13
SchoolA,Female,17,Urban,2,2,AtHome,AtHome,1,3,0,No,Yes,No,Yes,Yes,No,4,3,3,4,0,12,12,13
SchoolA,Female,17,Rural,2,1,AtHome,CivilService,2,2,0,No,Yes,No,Yes,Yes,No,4,2,5,5,0,11,10,11
SchoolA,Female,17,Urban,1,1,AtHome,Other,1,3,0,No,Yes,No,Yes,No,Yes,4,3,4,5,12,12,12,12
SchoolA,Female,16,Urban,2,3,CivilService,Teacher,1,2,0,Yes,No,No,No,Yes,No,2,3,1,3,0,13,13,14
SchoolA,Male,18,Urban,2,2,Other,Other,2,2,3,No,Yes,Yes,No,Yes,No,3,3,3,4,9,10,9,10
SchoolA,Female,16,Urban,4,4,Teacher,CivilService,1,3,0,No,Yes,No,Yes,Yes,No,5,3,2,5,4,15,16,16
SchoolA,Female,18,Rural,3,1,Other,Other,1,2,0,No,No,No,Yes,Yes,Yes,5,3,3,4,4,8,8,8
SchoolA,Female,17,Urban,3,2,Other,Other,1,2,0,No,No,No,Yes,Yes,No,5,3,4,3,2,17,18,17
SchoolA,Male,17,Urban,2,3,CivilService,CivilService,1,2,0,No,Yes,No,No,Yes,No,5,3,3,3,0,10,11,11
SchoolA,Male,18,Urban,2,1,AtHome,Other,4,2,0,Yes,Yes,No,Yes,Yes,Yes,4,3,2,3,2,9,10,11
SchoolA,Female,17,Urban,2,1,Other,Other,2,3,0,No,No,No,Yes,Yes,Yes,3,2,3,3,0,15,15,16
SchoolA,Female,17,Urban,4,3,HealthCare,Other,1,2,0,No,No,No,Yes,Yes,Yes,3,2,3,3,0,14,12,12
SchoolA,Male,17,Rural,2,2,Other,Other,2,2,0,No,Yes,No,Yes,Yes,No,4,5,2,1,0,12,13,13
SchoolA,Male,17,Urban,4,4,Teacher,Teacher,1,2,0,Yes,Yes,No,Yes,Yes,Yes,4,5,5,2,0,13,13,13
SchoolA,Male,16,Urban,4,4,HealthCare,Other,1,2,0,No,Yes,No,Yes,Yes,No,4,2,4,1,0,13,13,14
SchoolA,Male,16,Urban,1,1,Other,Other,2,2,0,No,Yes,No,No,Yes,No,3,4,2,5,2,9,9,9
SchoolA,Male,16,Urban,3,2,AtHome,Other,2,3,0,No,No,No,Yes,Yes,Yes,5,3,3,2,0,12,12,12
SchoolA,Male,17,Urban,2,2,Other,Other,1,2,0,No,No,No,Yes,Yes,Yes,4,4,2,4,0,16,16,16
SchoolA,Female,16,Urban,2,1,Other,Other,1,1,0,No,No,No,No,Yes,Yes,4,5,2,5,4,9,10,10
SchoolA,Female,16,Urban,4,1,Other,Other,1,2,0,No,No,No,Yes,Yes,Yes,5,3,3,5,0,14,13,13
SchoolA,Female,18,Urban,2,4,CivilService,Other,2,2,1,No,Yes,No,No,Yes,No,4,3,3,3,18,10,10,10
SchoolA,Female,18,Urban,2,2,AtHome,CivilService,1,2,1,No,Yes,No,No,Yes,Yes,5,3,1,5,16,9,8,10
SchoolA,Female,18,Urban,3,3,Other,Other,2,1,1,No,No,No,No,Yes,No,4,1,1,3,14,8,7,7
SchoolA,Male,18,Urban,2,2,Other,AtHome,1,1,1,No,Yes,No,Yes,Yes,Yes,4,4,3,1,26,7,8,8
SchoolA,Male,17,Urban,4,4,Teacher,Teacher,1,1,0,No,Yes,No,Yes,Yes,No,4,2,1,5,6,10,8,9
SchoolA,Female,17,Urban,3,2,Other,Other,1,2,0,No,No,No,Yes,No,No,5,4,2,3,4,14,14,15
SchoolA,Female,17,Urban,1,1,AtHome,AtHome,1,3,0,No,Yes,No,Yes,Yes,Yes,4,3,2,4,10,11,10,10
SchoolA,Female,16,Urban,1,2,Other,Other,1,1,0,No,No,No,No,Yes,No,5,3,5,5,4,12,11,11
SchoolA,Female,17,Rural,2,1,AtHome,CivilService,3,2,0,No,No,No,Yes,No,No,2,1,1,3,2,13,13,13
SchoolA,Female,17,Rural,1,4,Other,Other,4,1,1,No,Yes,No,No,Yes,No,5,5,4,5,14,9,9,8
SchoolA,Male,18,Urban,2,2,Other,CivilService,1,2,0,No,No,No,No,Yes,No,5,5,4,2,16,8,7,8
SchoolA,Female,17,Urban,2,2,Other,Other,1,1,1,No,Yes,No,No,Yes,No,3,1,2,1,8,11,9,10
SchoolA,Female,17,Rural,1,1,AtHome,Other,2,3,0,No,No,No,Yes,Yes,No,4,3,3,5,4,15,14,15
SchoolA,Female,17,Urban,4,2,Teacher,Other,1,2,0,No,Yes,No,Yes,No,No,4,3,2,4,4,15,14,14
SchoolA,Male,17,Urban,4,3,HealthCare,Other,2,2,0,No,No,No,Yes,Yes,Yes,2,5,5,5,8,15,15,15
SchoolA,Male,17,Rural,4,4,Teacher,Other,2,2,0,No,Yes,No,No,Yes,No,3,3,3,4,0,12,12,12
SchoolA,Male,16,Urban,4,3,Teacher,Other,1,1,0,No,No,No,Yes,Yes,No,5,4,5,3,7,14,14,15
SchoolA,Male,16,Urban,4,4,CivilService,CivilService,1,1,0,No,No,Yes,Yes,Yes,No,5,3,2,5,4,14,15,15
SchoolA,Female,17,Urban,4,4,Teacher,CivilService,1,2,0,No,Yes,Yes,No,Yes,Yes,5,3,1,5,2,11,11,12
SchoolA,Male,17,Rural,1,1,Other,Other,2,3,0,No,No,No,No,Yes,Yes,4,3,3,1,2,13,14,15
SchoolA,Female,17,Urban,3,3,CivilService,Other,2,3,0,No,Yes,No,No,Yes,Yes,4,2,2,5,10,11,11,11
SchoolA,Female,17,Urban,1,1,AtHome,Other,1,2,0,Yes,No,No,No,No,Yes,4,3,2,4,10,10,9,10
SchoolA,Female,18,Urban,2,1,Other,Other,2,3,0,No,Yes,No,No,Yes,Yes,4,4,4,3,10,12,10,11
SchoolA,Male,16,Urban,2,1,Other,Other,3,1,0,No,No,No,No,Yes,No,4,3,3,4,7,15,16,16
SchoolA,Female,17,Urban,1,1,Other,CivilService,1,2,0,No,Yes,No,No,No,No,4,3,4,5,4,11,10,11
SchoolA,Male,17,Urban,2,3,Other,Other,2,1,0,No,No,No,No,Yes,No,5,2,2,2,2,9,12,13
SchoolA,Male,22,Urban,3,1,CivilService,CivilService,1,1,3,No,No,No,No,Yes,Yes,5,4,5,1,12,7,8,5
SchoolA,Male,18,Rural,3,3,Other,CivilService,1,2,0,No,Yes,No,No,Yes,Yes,4,3,3,5,8,10,9,10
SchoolA,Male,16,Urban,0,2,Other,Other,1,1,0,No,No,No,No,Yes,No,4,3,2,5,0,11,12,11
SchoolA,Male,18,Urban,3,2,CivilService,Other,2,1,0,No,No,No,No,Yes,No,4,4,5,5,8,7,8,7
SchoolA,Male,16,Urban,3,3,AtHome,Other,3,2,1,Yes,Yes,No,No,Yes,No,5,3,3,2,4,9,11,10
SchoolA,Male,18,Urban,2,1,CivilService,CivilService,1,1,2,No,No,No,No,Yes,No,3,2,5,5,4,7,8,6
SchoolA,Male,16,Rural,2,1,Other,Other,2,1,0,No,No,No,Yes,No,No,3,3,2,3,2,14,13,12
SchoolA,Male,17,Rural,2,1,Other,Other,1,1,0,No,No,No,No,Yes,No,4,4,2,5,0,12,12,13
SchoolA,Male,17,Urban,1,1,HealthCare,Other,2,1,1,No,Yes,No,Yes,Yes,No,4,4,4,5,0,9,10,10
SchoolA,Female,18,Urban,2,1,Other,Other,1,2,0,No,Yes,No,No,Yes,Yes,4,3,4,5,2,12,12,13
SchoolA,Female,17,Urban,4,2,Teacher,CivilService,1,4,0,No,Yes,No,Yes,Yes,No,4,2,3,4,2,14,15,17
SchoolA,Female,19,Urban,2,2,CivilService,CivilService,1,2,0,No,Yes,No,No,Yes,No,4,3,3,5,0,10,10,11
SchoolA,Male,18,Urban,2,1,CivilService,Other,3,2,1,No,No,No,Yes,Yes,No,4,4,5,5,4,11,10,11
SchoolA,Female,17,Rural,4,2,Other,Other,1,3,0,No,Yes,No,Yes,Yes,No,4,3,4,5,2,11,12,14
SchoolA,Female,18,Urban,1,1,Other,AtHome,1,3,0,No,Yes,No,No,No,No,4,4,3,3,4,11,12,14
SchoolA,Female,18,Rural,2,2,Other,Other,1,2,0,Yes,No,No,No,No,No,3,2,3,5,4,11,11,13
SchoolA,Male,19,Urban,4,3,CivilService,AtHome,1,2,0,No,Yes,No,No,Yes,No,4,3,1,1,4,11,13,14
SchoolA,Male,18,Urban,2,1,Other,Other,1,2,0,No,No,No,Yes,Yes,No,5,2,4,4,2,16,16,16
SchoolA,Male,17,Rural,2,2,Other,CivilService,2,1,0,No,No,No,No,No,No,5,2,2,4,0,9,10,10
SchoolA,Female,17,Urban,2,2,CivilService,CivilService,1,4,0,No,No,No,Yes,Yes,Yes,3,4,1,2,2,10,11,12
SchoolA,Female,20,Rural,2,1,Other,Other,2,2,0,No,Yes,Yes,Yes,Yes,Yes,1,2,3,2,8,10,12,12
SchoolA,Female,18,Urban,4,3,CivilService,Other,1,2,0,No,Yes,No,No,Yes,Yes,3,1,2,2,2,15,15,15
SchoolA,Male,18,Urban,4,3,Teacher,Other,1,2,0,No,Yes,No,No,Yes,No,4,3,2,3,2,10,10,11
SchoolA,Male,18,Rural,3,2,Other,Other,1,3,0,No,No,No,Yes,No,No,5,3,2,3,2,10,11,12
SchoolA,Female,17,Urban,3,3,Other,Other,1,3,0,No,No,No,Yes,No,No,3,2,3,4,2,15,12,13
SchoolA,Female,18,Urban,2,2,AtHome,CivilService,1,3,0,No,Yes,No,Yes,Yes,Yes,4,3,3,3,0,11,12,13
SchoolA,Male,17,Urban,2,2,Other,Other,2,1,0,No,No,No,No,Yes,No,4,4,4,4,8,8,8,9
SchoolA,Male,18,Rural,3,4,Other,Other,2,2,0,No,Yes,No,Yes,Yes,No,4,2,5,1,6,15,16,16
SchoolA,Male,17,Urban,3,1,CivilService,Other,1,2,0,No,No,No,Yes,Yes,Yes,5,4,4,5,0,11,11,14
SchoolA,Female,18,Rural,4,4,Teacher,Other,2,2,0,No,No,No,Yes,Yes,No,4,3,4,4,8,10,11,12
SchoolA,Male,18,Urban,4,2,HealthCare,Other,1,2,0,No,Yes,No,Yes,Yes,Yes,5,4,5,5,4,10,12,14
SchoolA,Female,18,Rural,2,1,Other,Other,2,2,0,No,Yes,No,No,Yes,Yes,4,3,5,3,12,8,9,10
SchoolA,Female,19,Urban,3,3,Other,CivilService,1,2,0,No,Yes,No,Yes,Yes,No,4,3,5,5,16,11,12,12
SchoolA,Female,18,Urban,2,3,Other,CivilService,1,4,0,No,Yes,No,Yes,Yes,Yes,4,5,5,2,10,16,16,16
SchoolA,Female,18,Urban,1,1,Other,Other,2,2,0,No,Yes,No,No,No,No,4,4,3,3,2,13,13,13
SchoolA,Male,17,Rural,1,2,AtHome,AtHome,1,2,0,No,Yes,No,Yes,No,Yes,3,5,2,1,2,16,17,18
SchoolA,Female,18,Urban,2,1,Other,Other,1,2,0,No,Yes,No,No,Yes,Yes,4,2,5,1,8,14,14,15
SchoolA,Female,17,Urban,2,4,AtHome,HealthCare,2,2,0,No,Yes,No,No,Yes,Yes,4,3,3,1,6,15,16,16
SchoolA,Female,17,Urban,2,2,CivilService,Other,2,2,0,Yes,Yes,No,No,Yes,Yes,4,4,4,5,6,12,12,12
SchoolA,Female,18,Rural,3,2,Other,CivilService,2,2,0,No,No,No,No,Yes,Yes,4,1,1,5,15,12,9,10
SchoolA,Male,18,Urban,4,4,Teacher,CivilService,2,1,0,No,No,No,Yes,Yes,No,3,2,4,3,6,11,12,12
SchoolA,Female,18,Urban,4,4,HealthCare,HealthCare,1,2,1,Yes,Yes,No,Yes,Yes,Yes,2,4,4,4,2,14,12,13
SchoolA,Female,17,Urban,2,2,Other,CivilService,3,3,0,No,Yes,No,No,Yes,Yes,4,2,3,1,8,13,15,15
SchoolA,Female,19,Rural,3,2,CivilService,CivilService,1,2,1,Yes,Yes,No,No,Yes,No,3,3,3,3,0,9,8,10
SchoolA,Male,18,Urban,4,3,Teacher,CivilService,2,1,0,No,No,No,Yes,Yes,No,4,2,3,1,0,10,10,10
SchoolA,Male,18,Urban,1,2,AtHome,Other,2,1,0,No,No,No,No,Yes,No,3,4,4,4,10,10,10,11
SchoolA,Male,17,Urban,4,1,CivilService,Other,2,1,0,No,No,No,Yes,Yes,Yes,4,5,4,5,22,11,11,10
SchoolA,Male,17,Urban,3,2,Teacher,CivilService,1,1,0,No,No,No,No,Yes,No,4,4,4,3,18,13,13,13
SchoolA,Female,18,Rural,1,1,AtHome,Other,2,4,0,No,Yes,No,Yes,No,No,5,2,2,3,2,17,17,18
SchoolA,Female,18,Urban,1,1,Other,Other,2,2,0,Yes,No,No,Yes,Yes,No,5,4,4,4,0,12,13,13
SchoolA,Female,17,Urban,2,2,Other,Other,1,2,0,No,Yes,No,No,Yes,No,5,4,5,5,12,12,12,14
SchoolA,Female,18,Urban,2,1,Other,Other,2,2,0,No,No,No,Yes,Yes,Yes,4,3,1,5,10,12,13,14
SchoolA,Male,17,Urban,1,1,Other,Other,1,2,0,No,No,No,No,Yes,No,4,3,3,4,0,12,12,12
SchoolA,Female,18,Urban,2,2,AtHome,AtHome,1,3,0,No,Yes,No,No,Yes,No,4,3,3,2,0,18,18,18
SchoolA,Female,17,Urban,1,1,CivilService,Teacher,1,3,0,No,Yes,No,No,Yes,No,4,3,3,3,0,13,13,14
SchoolA,Male,18,Urban,2,1,CivilService,CivilService,1,3,0,No,No,No,Yes,Yes,No,4,2,4,2,0,14,15,15
SchoolA,Male,18,Urban,4,4,Teacher,Teacher,1,2,0,No,Yes,No,Yes,Yes,No,5,4,3,2,0,17,17,17
SchoolA,Male,18,Urban,4,2,Teacher,Other,1,2,0,No,Yes,No,Yes,Yes,Yes,4,3,2,5,2,15,16,16
SchoolA,Female,17,Urban,4,3,HealthCare,CivilService,1,3,0,No,Yes,No,No,Yes,No,4,2,2,3,0,17,18,18
SchoolA,Female,17,Rural,3,1,CivilService,Other,2,4,0,No,Yes,No,No,No,No,3,1,2,3,0,18,19,19
SchoolA,Male,18,Rural,3,2,CivilService,Other,2,3,0,No,Yes,No,Yes,Yes,No,5,4,2,4,0,14,15,15
SchoolA,Male,17,Urban,3,3,HealthCare,Other,1,1,0,No,Yes,No,No,Yes,No,4,4,3,5,0,14,15,15
SchoolA,Female,19,Urban,4,4,HealthCare,Other,2,2,0,No,Yes,No,Yes,Yes,No,2,3,4,2,2,14,13,13
SchoolA,Female,18,Urban,4,3,Other,Other,2,2,0,No,Yes,No,No,Yes,Yes,4,4,5,2,0,13,14,14
SchoolA,Female,18,Urban,4,3,Other,Other,1,4,0,No,Yes,No,No,Yes,No,4,3,3,3,0,16,17,17
SchoolA,Male,18,Urban,4,4,Teacher,Teacher,1,1,0,No,Yes,No,No,Yes,Yes,1,4,2,1,0,18,18,17
SchoolA,Female,18,Urban,4,4,HealthCare,Other,1,2,0,No,Yes,Yes,No,Yes,Yes,4,2,4,4,0,14,15,15
SchoolA,Male,17,Urban,4,4,Other,Teacher,2,1,0,No,No,No,No,Yes,No,4,1,1,5,0,12,13,13
SchoolA,Female,17,Rural,4,4,CivilService,CivilService,2,3,0,No,Yes,No,Yes,Yes,No,5,3,4,5,0,7,7,8
SchoolA,Female,17,Urban,4,2,Other,Other,2,3,0,No,Yes,No,No,Yes,No,4,3,3,3,0,16,16,16
SchoolA,Female,17,Urban,3,2,HealthCare,HealthCare,1,4,0,No,Yes,No,Yes,Yes,No,5,2,2,5,0,18,18,18
SchoolA,Male,19,Rural,2,1,AtHome,CivilService,2,3,1,No,No,No,Yes,Yes,Yes,4,3,1,5,0,9,10,11
SchoolA,Male,20,Urban,3,2,CivilService,Other,1,1,2,No,No,No,Yes,No,No,5,5,3,5,0,14,15,15
SchoolA,Male,19,Rural,3,3,Other,CivilService,1,2,0,No,No,No,Yes,No,Yes,4,5,3,5,0,10,10,11
SchoolA,Female,18,Urban,1,4,Other,Teacher,1,2,0,Yes,Yes,No,No,No,Yes,3,4,4,5,2,10,10,11
SchoolA,Female,18,Urban,2,1,CivilService,Other,2,2,0,No,Yes,No,Yes,Yes,No,5,3,3,1,2,12,12,15
SchoolA,Female,17,Urban,2,3,Other,Other,2,2,0,No,No,No,Yes,Yes,Yes,4,2,1,3,2,11,12,14
SchoolA,Female,17,Rural,4,4,Teacher,Teacher,1,1,0,No,No,No,Yes,Yes,No,4,4,4,5,2,15,16,17
SchoolA,Female,18,Urban,4,3,Other,Other,1,3,0,No,Yes,No,Yes,Yes,Yes,4,3,4,5,2,14,15,17
SchoolA,Female,18,Urban,4,3,HealthCare,CivilService,2,1,0,No,Yes,No,No,Yes,No,3,2,4,1,8,12,12,15
SchoolA,Female,17,Rural,3,4,AtHome,CivilService,1,3,0,No,Yes,No,Yes,Yes,No,4,3,4,5,2,15,15,17
SchoolA,Female,18,Urban,3,3,AtHome,Other,1,2,0,No,Yes,No,No,Yes,No,4,1,4,3,8,11,12,14
SchoolA,Male,19,Urban,4,2,HealthCare,Other,2,2,0,No,Yes,No,Yes,Yes,Yes,5,4,4,1,9,11,10,10
SchoolA,Female,18,Urban,4,4,Teacher,Other,1,2,0,No,Yes,No,No,Yes,No,4,4,4,5,0,12,11,13
SchoolA,Female,18,Urban,3,4,Other,Other,1,1,0,No,Yes,No,Yes,Yes,Yes,5,4,4,1,4,11,12,14
SchoolA,Female,17,Urban,4,4,HealthCare,HealthCare,1,1,0,No,No,No,Yes,Yes,No,5,3,4,5,2,14,15,17
SchoolA,Female,17,Urban,4,3,CivilService,CivilService,1,2,0,No,Yes,No,No,Yes,Yes,5,2,2,5,14,15,14,17
SchoolA,Female,17,Urban,3,3,CivilService,Other,1,2,0,Yes,Yes,No,No,Yes,No,5,3,3,5,0,12,12,13
SchoolA,Female,17,Urban,2,1,Other,Other,1,2,0,No,No,No,Yes,Yes,No,4,2,3,2,2,11,12,14
SchoolA,Male,18,Urban,4,4,Other,Other,1,1,0,No,Yes,No,No,Yes,No,4,2,5,5,2,8,9,11
SchoolA,Female,19,Urban,1,1,Other,Other,3,3,0,No,No,No,Yes,No,Yes,1,5,5,5,12,10,10,11
SchoolA,Female,19,Urban,1,1,Other,Other,3,2,2,No,Yes,No,No,Yes,Yes,5,3,4,4,2,8,8,9
SchoolA,Female,18,Urban,2,2,Other,Other,1,1,0,No,Yes,No,Yes,Yes,Yes,4,3,5,5,2,10,10,10
SchoolA,Female,17,Urban,2,2,Other,Other,1,2,0,No,Yes,No,No,No,Yes,4,2,2,3,4,14,13,13
SchoolA,Female,17,Rural,2,2,CivilService,CivilService,1,3,0,No,Yes,No,Yes,Yes,No,3,3,2,3,0,11,11,10
SchoolA,Female,17,Urban,3,1,CivilService,CivilService,1,3,0,No,Yes,No,No,Yes,No,3,4,3,5,0,17,18,17
SchoolA,Female,17,Urban,0,2,AtHome,AtHome,2,3,0,No,No,No,No,Yes,No,3,3,3,2,0,14,14,15
SchoolA,Female,18,Urban,1,1,Other,Other,2,3,0,No,No,No,Yes,Yes,No,4,5,5,2,0,14,14,14
SchoolA,Male,18,Urban,4,4,Other,Other,1,3,0,No,No,No,Yes,Yes,No,4,3,3,3,0,13,14,13
SchoolA,Male,17,Urban,3,3,Other,CivilService,1,1,0,No,No,No,Yes,Yes,No,4,3,5,5,0,17,18,17
SchoolA,Male,17,Rural,2,2,CivilService,Other,4,1,0,No,Yes,No,No,Yes,No,4,4,5,4,2,11,10,10
SchoolA,Female,17,Urban,4,4,Teacher,CivilService,1,3,0,No,Yes,No,Yes,Yes,No,5,4,4,4,0,13,12,13
SchoolA,Female,17,Urban,4,4,Teacher,Teacher,2,3,0,No,Yes,No,No,Yes,Yes,4,3,3,4,4,15,14,15
SchoolA,Female,17,Urban,3,3,AtHome,Other,1,1,0,No,Yes,Yes,Yes,Yes,No,4,2,5,5,2,11,12,11
SchoolA,Male,18,Urban,2,2,Other,Other,1,4,0,No,Yes,Yes,Yes,Yes,No,4,5,5,5,0,11,11,12
SchoolA,Male,19,Rural,3,2,AtHome,CivilService,1,1,0,No,Yes,No,No,No,Yes,5,3,4,5,0,11,10,10
SchoolA,Female,18,Urban,2,2,AtHome,Other,4,2,0,No,No,No,Yes,No,Yes,4,2,5,2,2,10,9,10
SchoolA,Female,17,Rural,2,4,AtHome,Other,1,3,0,No,Yes,No,No,Yes,Yes,4,4,3,5,0,15,15,15
SchoolA,Male,18,Urban,2,2,Other,Other,1,1,0,No,No,No,No,Yes,No,5,4,2,5,6,15,14,15
SchoolA,Female,18,Urban,3,3,CivilService,CivilService,1,2,0,No,No,No,Yes,Yes,No,5,3,4,4,8,10,11,12
SchoolA,Female,18,Urban,2,2,Other,Other,1,2,0,No,No,No,Yes,Yes,Yes,4,3,3,2,0,10,9,12
SchoolA,Female,18,Rural,2,2,AtHome,Other,2,4,0,No,No,No,Yes,No,No,4,4,4,4,6,14,13,14
SchoolA,Female,17,Urban,3,4,CivilService,Other,1,3,0,No,No,No,No,Yes,No,4,4,5,5,8,11,13,14
SchoolA,Female,17,Urban,3,2,Other,Other,1,2,0,No,Yes,No,No,Yes,Yes,4,3,2,2,0,12,13,15
SchoolA,Female,18,Urban,3,3,CivilService,CivilService,1,4,0,No,Yes,No,No,Yes,No,5,3,3,1,4,14,14,15
SchoolA,Female,17,Rural,3,2,Other,Other,1,2,0,No,Yes,No,No,Yes,No,4,3,3,2,0,14,14,16
SchoolA,Male,18,Urban,4,4,Teacher,CivilService,1,2,0,No,Yes,No,Yes,Yes,No,4,3,3,2,0,12,12,13
SchoolA,Male,18,Urban,3,4,CivilService,Other,1,2,0,No,No,No,Yes,Yes,Yes,4,3,3,5,6,16,16,17
SchoolA,Female,17,Urban,2,2,AtHome,AtHome,1,2,0,No,Yes,No,No,Yes,Yes,3,3,1,4,18,10,12,14
SchoolA,Female,18,Urban,2,3,AtHome,Other,1,3,0,No,Yes,No,No,Yes,No,4,3,3,3,0,11,12,14
SchoolA,Female,18,Urban,3,2,Other,CivilService,1,3,0,No,No,No,No,Yes,Yes,5,4,3,1,4,14,16,17
SchoolA,Male,18,Rural,4,3,Teacher,CivilService,1,3,0,No,No,No,No,Yes,Yes,5,3,2,4,4,15,14,17
SchoolA,Male,18,Urban,4,3,Teacher,Other,1,3,0,No,Yes,No,No,Yes,Yes,5,4,5,5,0,14,13,14
SchoolA,Female,17,Urban,4,3,HealthCare,Other,1,3,0,No,Yes,No,Yes,Yes,Yes,4,4,3,4,0,11,12,13
SchoolA,Female,17,Urban,2,1,CivilService,Other,2,2,0,No,Yes,No,Yes,Yes,Yes,4,3,4,1,10,12,15,15
SchoolA,Female,17,Urban,2,1,CivilService,Other,1,2,0,No,Yes,No,Yes,Yes,No,4,3,5,4,4,12,16,16
SchoolA,Female,19,Urban,2,3,AtHome,Other,2,1,1,No,No,No,No,Yes,No,2,2,3,5,16,10,11,11
SchoolA,Female,17,Urban,3,1,Other,AtHome,1,1,1,No,Yes,Yes,No,Yes,Yes,4,1,2,3,6,10,13,13
SchoolA,Female,21,Urban,4,4,Other,Other,1,3,2,No,No,Yes,Yes,Yes,No,3,3,2,5,0,9,12,12
SchoolA,Male,18,Urban,2,2,CivilService,CivilService,1,2,0,No,Yes,No,Yes,Yes,No,4,4,4,3,11,9,11,12
SchoolA,Male,18,Urban,3,4,Other,Other,1,2,0,No,No,No,Yes,Yes,Yes,4,3,5,2,9,13,14,15
SchoolA,Female,17,Urban,2,2,CivilService,CivilService,1,2,0,No,Yes,No,Yes,Yes,No,4,3,4,4,0,13,17,17
SchoolA,Male,17,Urban,4,4,HealthCare,Other,1,3,0,No,Yes,No,No,Yes,No,4,4,2,4,2,12,15,15
SchoolA,Female,18,Urban,4,2,Teacher,Other,1,2,0,No,Yes,No,Yes,Yes,No,4,2,2,3,0,14,17,17
SchoolA,Male,21,Rural,1,1,AtHome,Other,2,2,2,No,Yes,No,Yes,Yes,Yes,5,3,3,4,21,9,10,10
SchoolA,Female,20,Rural,1,1,Other,Other,2,3,0,No,No,No,No,Yes,Yes,3,2,2,3,8,11,15,15
SchoolA,Female,19,Urban,4,4,Teacher,Other,1,1,1,No,Yes,No,No,Yes,Yes,3,2,5,5,5,9,10,11
SchoolA,Male,17,Urban,3,2,Other,Other,1,2,0,No,Yes,No,No,Yes,No,4,4,4,5,10,16,18,18
SchoolA,Female,18,Urban,3,2,AtHome,Other,1,3,0,No,Yes,No,No,Yes,Yes,4,3,4,2,5,14,17,17
SchoolA,Male,18,Rural,2,3,Other,CivilService,1,1,0,No,No,No,No,Yes,No,3,1,3,4,13,13,14,14
SchoolA,Male,19,Urban,2,1,Other,Other,1,1,0,No,No,No,No,Yes,No,5,3,4,4,10,7,11,11
SchoolA,Female,18,Urban,2,2,CivilService,Other,2,2,0,No,Yes,No,No,Yes,No,4,1,4,4,10,14,17,17
SchoolA,Female,20,Urban,1,0,Other,Other,2,1,1,Yes,No,No,No,Yes,Yes,5,3,1,5,5,8,10,10
SchoolA,Female,18,Urban,3,2,CivilService,Other,1,2,0,No,Yes,No,Yes,Yes,Yes,3,1,2,1,4,10,13,13
SchoolB,Female,16,Urban,1,3,AtHome,Other,2,1,0,No,Yes,No,No,Yes,Yes,4,3,3,5,11,10,11,11
SchoolB,Female,16,Rural,2,2,Other,Other,2,2,0,No,Yes,No,Yes,Yes,No,4,4,4,5,0,12,12,12
SchoolB,Female,15,Rural,1,1,AtHome,CivilService,1,1,1,No,Yes,No,No,No,Yes,4,1,3,2,6,10,10,10
SchoolB,Female,15,Rural,3,3,AtHome,Other,2,1,0,No,Yes,No,No,Yes,No,5,4,4,5,4,10,10,11
SchoolB,Female,16,Rural,2,3,AtHome,CivilService,2,2,0,No,No,No,No,No,No,4,5,2,5,0,16,17,17
SchoolB,Female,15,Rural,2,1,AtHome,Other,2,1,0,No,No,No,No,No,No,1,3,4,1,0,6,8,9
SchoolB,Male,16,Rural,4,4,AtHome,Other,1,2,0,No,Yes,No,No,No,No,5,3,2,2,5,10,11,11
SchoolB,Male,16,Urban,1,2,Other,Other,1,3,0,Yes,No,No,No,Yes,No,4,4,3,5,0,10,11,11
SchoolB,Female,17,Rural,3,2,AtHome,Other,1,2,1,No,No,No,No,No,Yes,4,5,4,5,0,10,10,10
SchoolB,Female,17,Rural,1,1,Other,Other,1,1,1,No,Yes,No,No,Yes,No,5,4,4,5,0,6,6,7
SchoolB,Female,15,Rural,4,4,Teacher,Other,2,1,0,No,No,No,No,Yes,Yes,1,5,1,5,0,13,14,14
SchoolB,Female,16,Urban,2,2,AtHome,Other,2,4,0,No,No,No,Yes,No,Yes,1,2,1,1,4,10,9,11
SchoolB,Female,15,Rural,1,1,AtHome,CivilService,2,2,0,No,Yes,No,No,Yes,No,5,4,3,4,0,10,10,10
SchoolB,Female,15,Rural,1,1,Other,CivilService,2,1,1,No,Yes,No,No,Yes,Yes,4,4,3,2,4,6,7,8
SchoolB,Female,16,Rural,0,2,Other,Other,2,1,0,No,Yes,No,Yes,No,No,3,2,3,2,0,12,11,12
SchoolB,Female,17,Rural,2,3,Other,Other,2,1,0,No,Yes,No,No,Yes,No,5,5,5,3,2,10,11,12
SchoolB,Female,15,Rural,3,3,Other,CivilService,2,1,0,No,No,No,No,Yes,No,4,1,3,4,0,14,16,16
SchoolB,Male,16,Urban,1,1,AtHome,CivilService,2,2,0,No,Yes,No,Yes,No,Yes,5,4,5,3,0,7,0,0
SchoolB,Male,17,Urban,1,1,Other,Other,1,2,0,No,No,Yes,No,Yes,No,4,4,3,5,4,8,9,9
SchoolB,Male,15,Rural,4,1,HealthCare,CivilService,1,2,0,No,Yes,No,Yes,Yes,No,5,3,4,2,0,12,13,14
SchoolB,Male,15,Rural,4,1,HealthCare,CivilService,1,2,0,No,Yes,No,Yes,Yes,No,5,3,4,2,7,7,9,8
SchoolB,Male,16,Rural,3,4,Other,HealthCare,3,2,0,No,No,No,No,No,No,3,4,5,5,4,9,10,11
SchoolB,Male,15,Rural,1,1,Other,Other,4,2,0,No,Yes,No,Yes,No,Yes,5,4,5,4,8,7,9,9
SchoolB,Male,15,Urban,3,3,AtHome,AtHome,1,2,0,No,Yes,No,Yes,Yes,No,5,3,3,5,0,11,11,11
SchoolB,Male,17,Rural,2,1,Other,Other,3,1,0,No,No,No,Yes,No,Yes,5,5,5,3,8,8,10,9
SchoolB,Female,16,Rural,4,4,Teacher,Teacher,2,3,0,No,No,No,Yes,Yes,Yes,4,2,2,4,6,16,16,17
SchoolB,Female,15,Rural,1,2,Other,CivilService,2,1,0,No,No,No,No,No,No,5,1,2,1,3,11,13,13
SchoolB,Female,16,Rural,2,3,Other,CivilService,3,2,0,No,Yes,No,No,Yes,No,4,5,4,1,2,15,15,15
SchoolB,Male,16,Rural,1,2,Other,Other,2,2,0,No,No,No,No,No,No,4,3,3,5,0,10,11,11
SchoolB,Female,16,Rural,2,2,Other,Other,3,2,0,No,Yes,No,No,Yes,No,4,4,5,4,4,9,10,11
SchoolB,Female,16,Urban,1,2,Other,CivilService,1,3,1,No,Yes,No,No,No,No,1,3,2,4,0,10,8,8
SchoolB,Female,16,Urban,1,2,Other,CivilService,1,3,1,No,Yes,No,No,No,No,1,3,2,4,3,9,8,8
SchoolB,Female,15,Urban,2,1,AtHome,Other,1,2,0,Yes,Yes,No,No,Yes,No,4,4,2,2,0,9,10,9
SchoolB,Female,16,Urban,1,1,AtHome,Other,1,2,0,No,Yes,No,No,No,Yes,5,4,3,2,0,13,14,15
SchoolB,Male,17,Rural,1,2,AtHome,CivilService,1,1,0,No,Yes,No,Yes,Yes,No,5,5,5,3,4,10,11,11
SchoolB,Female,16,Rural,1,1,Other,Other,4,4,0,No,Yes,No,No,Yes,No,4,3,2,1,0,13,10,13
SchoolB,Female,16,Rural,1,1,AtHome,Other,4,3,0,Yes,Yes,No,No,No,No,4,4,3,5,2,10,9,10
SchoolB,Female,15,Rural,1,1,AtHome,Other,2,2,0,No,Yes,No,Yes,Yes,No,4,3,3,2,1,11,10,11
SchoolB,Female,16,Rural,1,1,AtHome,Other,2,1,0,No,No,No,Yes,Yes,Yes,4,2,2,2,0,13,12,14
SchoolB,Female,15,Rural,1,1,AtHome,AtHome,3,2,0,No,Yes,No,No,No,No,4,2,1,2,0,13,14,14
SchoolB,Female,15,Rural,2,2,Other,Other,1,3,0,Yes,Yes,No,No,No,No,4,4,3,5,2,14,11,12
SchoolB,Male,16,Rural,1,1,AtHome,Other,2,1,0,No,No,No,Yes,No,No,3,4,4,5,6,11,11,11
SchoolB,Female,18,Urban,1,2,Other,Other,1,2,1,No,Yes,No,Yes,Yes,Yes,3,4,4,5,9,9,8,8
SchoolB,Male,15,Urban,3,1,Other,CivilService,2,1,0,No,Yes,No,No,No,No,3,2,3,4,0,10,9,11
SchoolB,Female,16,Rural,2,2,Other,CivilService,3,2,0,No,Yes,No,Yes,Yes,No,5,3,4,2,1,14,13,14
SchoolB,Male,15,Urban,2,2,HealthCare,Other,3,1,0,No,No,No,No,No,No,4,3,3,4,1,13,12,13
SchoolB,Male,16,Urban,4,4,Other,Teacher,1,2,0,No,Yes,No,Yes,No,Yes,4,3,1,3,0,13,12,13
SchoolB,Female,15,Rural,3,3,CivilService,Other,1,2,0,No,Yes,No,No,Yes,Yes,4,5,4,1,4,13,12,12
SchoolB,Female,16,Rural,2,2,AtHome,Other,2,2,1,No,Yes,No,Yes,No,No,4,4,4,5,2,12,11,12
SchoolB,Female,16,Rural,2,2,Other,Other,3,1,0,No,Yes,No,Yes,No,Yes,4,3,2,4,0,14,14,16
SchoolB,Male,16,Urban,2,1,AtHome,CivilService,2,1,0,No,Yes,No,Yes,Yes,No,2,4,3,4,4,10,8,10
SchoolB,Male,15,Rural,1,3,AtHome,Other,3,1,0,No,Yes,No,Yes,Yes,No,4,2,4,3,2,10,11,11
SchoolB,Female,15,Urban,2,2,Other,CivilService,2,3,0,No,Yes,No,Yes,No,No,5,3,2,4,0,12,13,14
SchoolB,Female,16,Rural,2,1,Other,Other,1,1,0,No,Yes,No,No,Yes,Yes,5,4,3,5,2,10,8,8
SchoolB,Male,15,Urban,3,3,CivilService,CivilService,2,1,0,No,Yes,No,Yes,Yes,No,4,3,3,3,11,12,10,11
SchoolB,Female,16,Rural,1,1,AtHome,Other,2,2,3,Yes,Yes,No,No,No,No,3,4,3,1,0,7,7,8
SchoolB,Female,17,Urban,2,2,Other,AtHome,1,1,0,No,Yes,No,Yes,No,No,4,5,3,5,4,9,9,10
SchoolB,Female,19,Urban,2,3,AtHome,CivilService,1,1,1,No,No,No,No,Yes,Yes,4,4,4,2,0,9,9,10
SchoolB,Female,17,Rural,2,1,AtHome,Other,3,1,0,No,Yes,No,Yes,No,Yes,5,5,3,3,2,9,10,11
SchoolB,Female,15,Rural,1,1,AtHome,Other,2,1,0,No,Yes,No,No,No,Yes,5,2,1,4,0,9,10,9
SchoolB,Female,16,Rural,2,2,Other,Other,3,2,0,No,Yes,No,No,Yes,No,3,4,5,1,1,9,10,11
SchoolB,Female,16,Urban,2,2,Other,Other,1,1,0,No,Yes,No,No,No,No,4,3,4,1,6,7,7,8
SchoolB,Female,17,Rural,2,2,AtHome,Other,2,2,0,No,Yes,No,No,Yes,No,4,3,5,4,0,11,10,11
SchoolB,Female,16,Urban,2,2,Other,CivilService,1,1,1,No,Yes,Yes,Yes,Yes,No,4,4,3,3,1,9,10,10
SchoolB,Female,18,Rural,3,2,Other,Other,2,3,2,No,Yes,No,No,No,Yes,3,3,2,2,6,7,9,10
SchoolB,Female,19,Urban,1,1,AtHome,CivilService,1,3,1,No,No,No,Yes,No,Yes,5,3,1,3,6,7,9,9
SchoolB,Male,18,Rural,1,1,Other,Other,2,1,1,No,No,No,Yes,Yes,No,4,4,3,4,0,8,9,10
SchoolB,Female,18,Rural,1,1,AtHome,AtHome,2,1,1,No,No,No,No,Yes,Yes,3,2,3,2,4,9,11,10
SchoolB,Female,19,Urban,1,1,Other,Other,2,2,1,No,Yes,No,No,Yes,Yes,1,1,4,1,12,7,8,9
SchoolB,Female,16,Rural,2,2,HealthCare,Other,1,2,0,No,No,No,No,No,Yes,3,3,2,3,2,8,10,10
SchoolB,Female,17,Urban,0,1,Other,AtHome,2,1,0,No,No,No,Yes,No,No,2,4,4,5,5,9,9,10
SchoolB,Female,16,Rural,1,2,AtHome,Other,1,2,0,No,No,No,Yes,Yes,No,4,4,5,3,0,8,9,9
SchoolB,Female,16,Urban,3,3,Other,Other,1,1,0,No,No,No,Yes,Yes,Yes,4,5,4,4,0,14,13,13
SchoolB,Female,16,Rural,1,1,CivilService,CivilService,1,1,0,No,Yes,No,Yes,Yes,Yes,4,4,4,4,2,14,14,14
SchoolB,Male,17,Urban,3,3,CivilService,AtHome,2,4,1,No,Yes,Yes,Yes,No,No,5,4,5,5,0,10,11,10
SchoolB,Female,16,Urban,2,1,Other,CivilService,1,2,0,No,Yes,No,Yes,Yes,No,5,3,3,1,0,14,13,14
SchoolB,Female,16,Urban,2,2,CivilService,Other,1,1,0,No,Yes,Yes,Yes,No,Yes,4,2,5,5,0,17,16,16
SchoolB,Male,17,Urban,1,2,Other,Other,1,1,1,No,Yes,No,Yes,Yes,Yes,5,3,5,1,12,6,7,7
SchoolB,Male,16,Urban,4,3,Other,Other,1,1,0,No,No,No,Yes,Yes,No,4,2,5,5,8,14,12,13
SchoolB,Male,17,Rural,2,2,CivilService,CivilService,3,4,1,No,Yes,No,No,No,No,1,3,5,3,2,10,8,9
SchoolB,Female,16,Urban,1,1,Other,Other,1,4,0,Yes,Yes,No,Yes,Yes,No,2,2,1,5,0,14,14,14
SchoolB,Female,19,Urban,2,2,Other,Other,1,3,0,No,No,No,No,Yes,Yes,5,4,5,1,0,12,13,13
SchoolB,Female,17,Rural,1,1,AtHome,Other,2,1,0,No,Yes,No,Yes,Yes,Yes,4,4,5,5,0,11,11,11
SchoolB,Female,20,Urban,3,3,AtHome,CivilService,2,2,1,No,No,No,Yes,Yes,Yes,3,3,4,3,8,11,9,10
SchoolB,Female,17,Urban,1,1,Other,CivilService,1,3,0,No,Yes,No,No,No,Yes,4,3,3,3,0,11,11,10
SchoolB,Male,17,Rural,2,2,Other,Other,3,1,1,No,Yes,No,No,Yes,No,4,4,5,5,0,10,9,9
SchoolB,Female,16,Rural,1,1,AtHome,Other,3,2,0,No,Yes,No,No,No,No,5,3,2,1,0,16,17,18
SchoolB,Female,17,Rural,2,2,Other,Other,2,2,0,No,Yes,No,Yes,No,No,5,3,2,1,0,15,17,17
SchoolB,Female,17,Urban,1,0,Other,Other,2,2,0,No,No,No,No,Yes,Yes,4,4,5,4,1,11,9,10
SchoolB,Female,18,Rural,1,1,AtHome,Other,1,2,1,No,Yes,No,No,Yes,Yes,4,3,2,5,9,7,7,7
SchoolB,Female,16,Urban,3,1,Other,Other,1,1,0,No,No,No,Yes,Yes,No,3,1,3,1,0,8,6,8
SchoolB,Female,16,Urban,3,2,CivilService,AtHome,1,1,0,No,No,No,No,Yes,No,3,1,3,3,2,7,6,7
SchoolB,Female,18,Urban,1,1,Other,AtHome,2,2,0,Yes,No,No,No,No,No,2,3,5,3,8,9,8,10
SchoolB,Female,16,Rural,4,4,HealthCare,Teacher,1,2,0,No,No,No,Yes,Yes,Yes,4,3,3,2,0,14,16,16
SchoolB,Female,16,Rural,1,2,Other,Other,2,1,0,No,No,No,Yes,Yes,No,5,4,5,2,0,14,14,15
SchoolB,Female,18,Urban,2,4,Other,CivilService,1,2,1,No,Yes,No,No,Yes,No,2,3,2,1,8,8,5,8
SchoolB,Male,16,Rural,2,1,Other,CivilService,2,2,0,No,No,No,Yes,Yes,No,5,2,1,2,0,8,7,0
SchoolB,Female,16,Urban,1,1,AtHome,Other,3,2,0,No,Yes,No,No,Yes,No,4,3,2,5,6,6,8,8
SchoolB,Female,16,Rural,2,3,AtHome,CivilService,2,2,0,No,Yes,No,Yes,Yes,No,3,3,3,2,0,8,10,10
SchoolB,Female,16,Urban,4,4,HealthCare,HealthCare,1,2,0,No,Yes,No,No,Yes,Yes,4,3,4,3,4,8,8,8
SchoolB,Male,18,Urban,4,4,AtHome,HealthCare,1,4,0,No,Yes,No,Yes,Yes,Yes,5,5,5,5,2,5,6,6
SchoolB,Female,16,Rural,3,4,AtHome,Other,3,2,0,No,Yes,No,No,No,No,4,2,1,2,2,7,9,8
SchoolB,Male,17,Urban,4,4,Other,CivilService,1,3,0,No,Yes,No,No,Yes,No,4,4,3,5,0,15,14,16
SchoolB,Female,17,Rural,4,1,Other,Other,1,1,0,No,No,No,No,Yes,Yes,4,2,3,5,1,13,14,14
SchoolB,Male,16,Urban,2,2,CivilService,CivilService,4,3,0,No,No,No,No,No,No,5,1,3,3,0,10,9,10
SchoolB,Female,17,Rural,2,2,AtHome,Other,1,1,0,No,Yes,Yes,No,Yes,No,5,1,3,5,5,9,9,9
SchoolB,Female,16,Urban,4,4,CivilService,CivilService,2,1,0,No,Yes,No,No,No,No,5,1,3,5,1,11,11,11
SchoolB,Male,17,Urban,3,3,CivilService,CivilService,1,1,0,No,Yes,No,Yes,Yes,No,4,1,4,3,8,7,10,9
SchoolB,Male,17,Urban,1,1,AtHome,CivilService,3,2,0,No,No,No,No,Yes,Yes,5,1,3,1,0,10,10,10
SchoolB,Male,16,Urban,2,1,HealthCare,CivilService,2,2,0,No,No,No,No,Yes,Yes,4,2,2,5,2,9,7,8
SchoolB,Female,16,Urban,2,1,Other,CivilService,1,2,0,No,No,No,No,Yes,Yes,3,2,2,3,0,14,15,16
SchoolB,Male,16,Urban,4,4,Teacher,HealthCare,1,1,0,No,Yes,No,No,Yes,No,4,1,2,5,0,11,12,12
SchoolB,Male,15,Rural,1,2,Other,CivilService,3,2,0,No,Yes,No,Yes,No,No,5,5,5,5,11,9,11,10
SchoolB,Male,15,Urban,2,2,Other,Other,3,4,0,No,Yes,No,Yes,No,No,5,4,5,5,8,13,14,14
SchoolB,Male,15,Urban,2,1,CivilService,CivilService,1,1,0,No,No,No,Yes,Yes,No,4,3,3,5,11,12,13,12
SchoolB,Female,16,Rural,2,2,Other,Other,1,3,0,No,Yes,No,No,No,Yes,4,3,3,5,2,11,11,11
SchoolB,Female,16,Urban,4,1,Other,Other,2,2,0,No,Yes,No,Yes,Yes,No,1,2,4,1,8,9,10,10
SchoolB,Female,17,Urban,3,2,AtHome,Other,2,1,0,No,No,No,No,No,Yes,4,3,3,1,5,9,11,11
SchoolB,Female,17,Rural,2,2,Other,Other,2,2,0,Yes,No,Yes,No,No,No,5,1,3,5,0,11,9,11
SchoolB,Female,16,Urban,4,4,Teacher,CivilService,2,3,0,No,Yes,No,No,Yes,Yes,5,3,5,5,1,10,11,12
SchoolB,Male,17,Rural,4,4,HealthCare,Other,3,1,3,No,No,No,Yes,Yes,Yes,3,3,3,5,2,9,9,8
SchoolB,Male,17,Rural,1,3,Other,Other,2,1,0,No,No,No,Yes,No,Yes,5,1,2,5,2,12,11,12
SchoolB,Male,17,Urban,3,4,CivilService,Other,1,2,1,No,Yes,No,Yes,Yes,Yes,5,4,4,5,8,8,9,8
SchoolB,Female,17,Urban,4,4,HealthCare,HealthCare,1,2,0,No,Yes,No,No,Yes,No,5,2,5,5,0,13,15,16
SchoolB,Male,16,Rural,4,1,Other,AtHome,1,1,0,No,No,No,No,Yes,No,4,1,2,2,0,10,11,11
SchoolB,Female,17,Urban,1,1,AtHome,AtHome,1,2,0,No,No,No,Yes,Yes,Yes,4,5,5,3,2,11,10,11
SchoolB,Female,17,Rural,4,2,Other,Other,2,2,0,Yes,Yes,No,No,Yes,No,4,3,3,5,0,17,18,18
SchoolB,Male,16,Urban,2,2,Other,CivilService,2,2,0,No,Yes,No,No,Yes,Yes,4,1,2,5,0,12,13,13
SchoolB,Male,17,Urban,3,2,Other,Other,2,2,0,No,Yes,Yes,No,Yes,No,4,1,2,1,0,13,14,13
SchoolB,Male,19,Urban,1,1,Other,Other,1,2,2,No,Yes,No,Yes,Yes,No,4,4,3,4,2,9,9,10
SchoolB,Male,17,Urban,1,0,Other,Other,1,1,0,No,No,No,No,No,Yes,4,1,2,5,4,11,11,12
SchoolB,Female,17,Rural,1,1,AtHome,AtHome,2,1,0,No,Yes,No,Yes,Yes,Yes,3,5,5,4,3,10,11,10
SchoolB,Female,16,Rural,1,2,Other,Other,1,3,0,Yes,Yes,No,No,Yes,Yes,4,3,4,3,5,13,14,13
SchoolB,Male,16,Rural,1,2,Other,AtHome,1,1,0,No,No,No,No,No,No,4,4,4,5,4,9,10,11
SchoolB,Female,17,Rural,3,1,Other,Other,2,2,3,No,Yes,No,Yes,Yes,Yes,5,4,4,5,2,7,9,10
SchoolB,Male,17,Rural,2,2,Other,Other,2,1,0,No,No,No,Yes,No,Yes,5,5,5,5,0,8,13,10
SchoolB,Male,18,Rural,1,0,AtHome,AtHome,3,1,1,Yes,Yes,No,No,No,No,4,3,2,4,0,12,12,13
SchoolB,Male,17,Rural,1,1,Other,CivilService,2,1,0,No,Yes,No,Yes,Yes,Yes,4,5,5,2,0,10,9,10
SchoolB,Male,18,Urban,1,1,AtHome,AtHome,2,2,0,No,Yes,No,Yes,No,No,4,3,3,5,6,10,9,10
SchoolB,Female,16,Rural,2,2,Other,CivilService,1,2,0,No,No,No,Yes,No,Yes,5,4,3,1,0,11,13,12
SchoolB,Male,17,Urban,2,2,Other,Other,1,1,1,No,No,No,Yes,No,Yes,1,2,1,5,0,7,0,0
SchoolB,Male,16,Rural,3,2,CivilService,Other,2,1,0,No,No,No,No,Yes,No,4,5,5,5,2,11,9,10
SchoolB,Male,16,Rural,1,1,AtHome,Other,2,1,0,No,No,No,Yes,Yes,No,4,5,5,5,0,10,10,9
SchoolB,Male,18,Rural,1,1,CivilService,Other,2,1,1,No,Yes,No,No,Yes,Yes,5,3,3,5,2,9,7,9
SchoolB,Male,18,Rural,3,2,CivilService,Other,1,1,1,No,No,No,No,Yes,No,2,3,1,5,0,4,0,0
SchoolB,Male,19,Urban,3,2,AtHome,CivilService,2,1,3,No,No,No,Yes,No,No,3,2,1,3,4,6,11,9
SchoolB,Male,18,Urban,3,3,AtHome,AtHome,1,2,2,No,Yes,No,Yes,Yes,No,4,4,5,3,9,4,8,8
SchoolB,Male,16,Rural,2,2,CivilService,CivilService,2,1,0,No,Yes,No,Yes,Yes,Yes,5,4,3,4,6,7,8,8
SchoolB,Male,19,Urban,2,1,AtHome,Other,2,1,3,No,No,No,Yes,Yes,Yes,4,4,3,5,4,8,9,9
SchoolB,Female,16,Urban,3,2,CivilService,AtHome,2,2,2,No,Yes,No,Yes,No,Yes,2,5,5,1,8,5,5,7
SchoolB,Female,17,Urban,1,1,Other,AtHome,1,1,0,No,Yes,No,Yes,No,No,4,3,2,5,9,7,9,10
SchoolB,Male,20,Rural,1,1,Other,Other,2,1,1,No,Yes,No,No,Yes,Yes,4,4,3,4,12,8,11,10
SchoolB,Female,18,Rural,4,3,CivilService,CivilService,1,1,0,No,Yes,No,No,Yes,No,5,4,4,2,8,10,11,10
SchoolB,Male,18,Rural,3,2,Other,Other,2,1,0,No,Yes,No,No,Yes,No,2,5,5,5,8,9,10,11
SchoolB,Male,19,Rural,1,1,Other,CivilService,3,2,1,No,No,No,No,Yes,No,5,4,4,2,8,10,9,11
SchoolB,Male,17,Urban,3,3,HealthCare,Other,2,2,1,No,Yes,No,No,Yes,No,4,5,4,3,4,8,9,10
SchoolB,Male,18,Urban,1,3,AtHome,CivilService,1,1,0,No,No,No,No,Yes,Yes,4,3,3,3,0,9,10,9
SchoolB,Male,19,Rural,1,1,Other,Other,3,1,1,No,Yes,No,No,Yes,No,4,4,4,5,4,8,9,10
SchoolB,Female,18,Urban,1,2,AtHome,Other,2,2,2,No,Yes,No,No,No,No,4,3,3,5,2,6,8,8
SchoolB,Female,19,Urban,1,1,AtHome,Other,1,1,0,No,Yes,No,No,No,No,1,4,4,5,0,6,8,7
SchoolB,Female,18,Rural,2,2,Other,Other,2,1,1,No,No,No,No,Yes,Yes,5,5,5,3,0,8,6,0
SchoolB,Female,17,Rural,0,0,AtHome,Other,2,1,0,No,Yes,No,No,Yes,No,4,4,3,5,0,10,11,11
SchoolB,Female,17,Rural,3,1,Other,AtHome,2,3,0,No,Yes,Yes,No,No,No,4,2,3,3,5,8,7,8
SchoolB,Female,17,Urban,4,2,Teacher,CivilService,1,2,0,Yes,Yes,No,Yes,Yes,No,5,5,5,5,0,8,8,0
SchoolB,Female,18,Rural,2,2,CivilService,CivilService,1,2,1,No,Yes,No,Yes,Yes,No,2,3,3,4,3,7,6,8
SchoolB,Female,17,Urban,4,1,HealthCare,AtHome,1,1,0,No,Yes,No,No,No,Yes,3,2,2,5,0,8,10,9
SchoolB,Female,17,Urban,1,2,AtHome,Other,1,1,0,No,No,No,No,Yes,No,5,5,1,3,0,7,10,10
SchoolB,Female,18,Urban,1,1,Other,Other,3,2,2,No,No,No,Yes,No,Yes,3,4,4,5,3,7,8,7
SchoolB,Female,18,Urban,2,2,CivilService,AtHome,2,2,0,No,No,No,Yes,Yes,No,4,3,5,1,2,12,13,14
SchoolB,Female,17,Urban,3,3,CivilService,CivilService,2,1,0,No,Yes,No,No,Yes,No,4,4,3,4,0,11,12,13
SchoolB,Female,18,Urban,1,2,AtHome,Other,2,2,0,No,No,No,No,Yes,No,4,4,3,4,0,12,13,14
SchoolB,Female,18,Urban,4,4,Teacher,Teacher,2,2,0,No,No,No,Yes,Yes,No,4,3,5,1,0,18,18,18
SchoolB,Male,18,Urban,4,4,CivilService,Other,1,1,0,No,Yes,No,Yes,Yes,No,5,4,5,5,3,17,17,17
SchoolB,Female,17,Urban,4,2,Other,Other,2,2,0,No,Yes,No,No,Yes,No,4,3,3,4,0,17,18,18
SchoolB,Female,18,Rural,2,2,AtHome,Other,3,2,1,No,No,No,Yes,No,Yes,4,3,3,4,0,9,0,0
SchoolB,Male,18,Urban,1,2,AtHome,CivilService,2,1,0,No,Yes,No,No,No,No,4,1,4,1,8,10,11,11
SchoolB,Male,18,Rural,4,4,AtHome,CivilService,3,1,0,No,Yes,Yes,Yes,Yes,Yes,2,5,5,1,5,12,13,14
SchoolB,Male,17,Rural,1,1,Other,CivilService,3,1,0,No,No,No,No,No,No,4,2,3,4,4,12,13,14
SchoolB,Female,18,Urban,2,2,Other,Other,2,2,0,No,Yes,No,No,Yes,Yes,1,3,1,2,4,8,8,10
SchoolB,Female,18,Urban,2,2,CivilService,CivilService,2,3,0,No,No,No,No,Yes,Yes,5,4,5,3,0,11,12,13
SchoolB,Female,18,Rural,4,2,Teacher,Other,1,2,0,No,No,No,Yes,Yes,Yes,5,3,1,5,0,5,0,0
SchoolB,Female,18,Urban,1,1,AtHome,CivilService,3,2,1,No,No,No,No,No,No,4,4,2,2,2,9,10,10
SchoolB,Female,19,Urban,1,1,AtHome,CivilService,2,1,1,No,No,No,No,No,No,5,5,5,2,0,5,0,0
SchoolB,Female,17,Urban,4,2,Teacher,Other,2,4,0,No,No,No,No,Yes,Yes,4,2,3,5,0,18,18,18
SchoolB,Female,17,Rural,2,1,CivilService,Other,2,2,0,No,No,No,Yes,Yes,Yes,5,3,3,2,5,11,11,12
SchoolB,Female,18,Urban,1,1,AtHome,CivilService,1,2,0,No,No,No,No,No,Yes,5,2,3,3,2,8,10,11
SchoolB,Female,18,Urban,1,2,AtHome,AtHome,2,2,0,No,Yes,No,No,No,No,4,1,1,4,0,11,11,12
SchoolB,Female,19,Rural,1,1,AtHome,AtHome,2,2,3,No,Yes,No,Yes,No,Yes,3,5,4,1,0,8,0,0
SchoolB,Female,18,Rural,2,2,CivilService,Other,2,3,0,No,No,No,No,Yes,Yes,4,2,1,4,5,14,14,15
SchoolB,Male,17,Rural,4,3,CivilService,Other,2,2,1,No,Yes,Yes,Yes,Yes,Yes,4,5,5,2,4,10,11,11
SchoolB,Female,18,Urban,3,3,CivilService,CivilService,1,2,0,No,Yes,No,No,No,Yes,5,3,4,5,0,10,10,10
SchoolB,Female,17,Rural,4,4,Teacher,CivilService,2,2,0,No,Yes,Yes,Yes,Yes,No,4,3,3,5,2,12,12,12
SchoolB,Female,17,Urban,3,2,CivilService,Other,2,2,0,No,No,No,No,No,Yes,1,2,3,5,0,15,14,15
SchoolB,Male,18,Urban,1,1,Other,CivilService,2,1,0,No,No,No,No,Yes,Yes,3,3,2,3,2,14,13,14
SchoolB,Female,18,Urban,1,1,AtHome,CivilService,2,3,0,No,No,No,No,Yes,No,5,3,2,4,0,19,17,18
SchoolB,Female,18,Rural,1,2,AtHome,Other,3,2,0,No,No,No,No,No,Yes,4,3,4,5,0,16,15,15
SchoolB,Female,18,Urban,3,3,CivilService,CivilService,2,2,0,No,Yes,No,No,Yes,Yes,4,3,2,3,6,13,12,13
SchoolB,Female,17,Urban,4,4,AtHome,AtHome,1,2,0,No,Yes,No,Yes,Yes,Yes,2,3,4,1,4,15,14,15
SchoolB,Female,17,Rural,1,2,Other,CivilService,2,2,0,No,No,No,No,No,No,3,2,2,3,0,13,13,13
SchoolB,Male,18,Rural,1,3,AtHome,Other,2,2,0,No,Yes,Yes,No,No,No,3,3,4,3,0,8,10,9
SchoolB,Male,18,Urban,4,4,Teacher,CivilService,2,3,0,No,No,No,No,Yes,Yes,4,2,2,5,0,15,16,16
SchoolB,Female,17,Rural,1,1,Other,CivilService,3,1,1,No,Yes,No,No,Yes,Yes,5,2,1,1,0,8,8,9
SchoolB,Female,18,Urban,2,3,AtHome,CivilService,2,1,0,No,Yes,No,No,Yes,Yes,5,2,3,4,0,10,10,10
SchoolB,Female,18,Rural,4,4,Other,Teacher,3,2,0,No,Yes,No,No,Yes,Yes,3,2,2,5,0,7,5,0
SchoolB,Male,18,Rural,1,2,AtHome,CivilService,3,1,0,No,Yes,No,Yes,Yes,Yes,4,3,3,3,3,9,10,10
SchoolB,Female,17,Urban,2,2,Other,AtHome,1,3,0,No,No,No,Yes,No,Yes,3,4,3,3,8,10,11,12
SchoolB,Female,17,Rural,1,2,Other,Other,1,1,0,No,No,No,Yes,Yes,No,3,5,5,1,4,7,8,9
SchoolB,Female,18,Rural,4,4,Other,Other,2,3,0,No,No,No,No,Yes,No,5,4,4,1,0,15,17,17
SchoolB,Female,18,Rural,1,1,Other,Other,4,3,0,No,No,No,No,Yes,No,4,3,2,4,4,10,11,12
SchoolB,Female,19,Rural,1,1,AtHome,Other,2,2,1,No,Yes,No,No,Yes,Yes,4,3,3,3,4,7,8,9
SchoolB,Female,18,Rural,4,4,Teacher,CivilService,1,2,0,No,No,No,Yes,Yes,No,5,4,3,2,1,13,14,14
SchoolB,Female,18,Urban,3,3,Other,Other,1,2,0,No,No,No,No,Yes,Yes,4,1,3,1,1,16,16,16
SchoolB,Female,17,Rural,3,1,AtHome,Other,1,2,0,No,Yes,No,Yes,Yes,No,4,5,4,1,10,8,9,9
SchoolB,Male,18,Urban,4,4,Teacher,Teacher,1,2,0,No,No,No,Yes,Yes,No,3,2,4,2,4,17,18,19
SchoolB,Male,18,Rural,2,1,Other,Other,2,1,0,No,No,No,Yes,Yes,Yes,4,4,3,5,0,7,7,0
SchoolB,Male,17,Urban,2,3,Other,CivilService,2,2,0,No,No,No,Yes,Yes,No,4,4,3,3,4,14,15,16
SchoolB,Male,19,Rural,1,1,Other,CivilService,2,1,1,No,No,No,No,No,No,4,3,2,5,0,5,8,0
SchoolB,Male,18,Rural,4,2,Other,Other,2,1,1,No,No,Yes,No,No,No,5,4,3,3,0,7,7,0
SchoolB,Female,18,Rural,2,2,AtHome,Other,2,3,0,No,No,No,No,No,No,5,3,3,4,0,14,17,15
SchoolB,Female,17,Urban,4,3,Teacher,Other,2,2,0,No,No,No,No,Yes,No,5,5,4,1,0,6,9,11
SchoolB,Female,18,Rural,4,4,Teacher,AtHome,3,1,0,No,Yes,No,Yes,Yes,Yes,4,4,3,5,4,7,9,10
SchoolB,Female,19,Rural,2,3,CivilService,Other,1,3,1,No,No,No,Yes,Yes,No,5,4,2,5,4,10,11,10
SchoolB,Female,18,Urban,3,1,Teacher,CivilService,1,2,0,No,Yes,No,No,Yes,No,4,3,4,1,4,15,15,16
SchoolB,Female,18,Urban,1,1,Other,Other,2,2,0,No,No,No,Yes,No,No,1,1,1,5,6,11,12,9
SchoolB,Male,17,Urban,3,1,CivilService,CivilService,2,1,0,No,No,No,No,Yes,No,2,4,5,2,6,10,10,10
SchoolB,Male,18,Rural,3,2,CivilService,Other,3,1,0,No,No,No,No,Yes,No,4,4,1,5,4,10,11,11